"country","lineage","days_above_10","days_above_10_cat"
"Australia","A",102,"100+"
"Australia","A.2.2",42,"31–100"
"Australia","AU (B.1.466.2)",30,"<30"
"Australia","AY (B.1.617.2)",66,"31–100"
"Australia","AY.39",61,"31–100"
"Australia","AY.39.1",192,"100+"
"Australia","AY.39.1.2",127,"100+"
"Australia","AY.39.1.3",92,"31–100"
"Australia","AY.39.1.4",72,"31–100"
"Australia","B.1",199,"100+"
"Australia","B.1.1.416",17,"<30"
"Australia","B.1.160",16,"<30"
"Australia","B.1.2",53,"31–100"
"Australia","B.1.23",21,"<30"
"Australia","B.1.258",11,"<30"
"Australia","B.1.319",10,"<30"
"Australia","B.1.338",31,"31–100"
"Australia","B.1.351",54,"31–100"
"Australia","B.1.36",45,"31–100"
"Australia","B.1.36.1",11,"<30"
"Australia","B.1.429",12,"<30"
"Australia","B.1.517.1",26,"<30"
"Australia","B.29",1,"<30"
"Australia","B.3",7,"<30"
"Australia","B.4.5",19,"<30"
"Australia","B.6",20,"<30"
"Australia","BA.1 (BA.1)",31,"31–100"
"Australia","BA.1.1 (BA.1.1)",53,"31–100"
"Australia","BA.1.17 (BA.1.17)",113,"100+"
"Australia","BA.1.17.1 (BA.1.17.1)",6,"<30"
"Australia","BA.2 (BA.2)",165,"100+"
"Australia","BA.2.10 (BA.2.10)",21,"<30"
"Australia","BA.2.12.2 (BA.2.12.2)",9,"<30"
"Australia","BA.2.3 (BA.2.3)",119,"100+"
"Australia","BA.2.33 (BA.2.33)",9,"<30"
"Australia","BA.2.42 (BA.2.42)",12,"<30"
"Australia","BA.4 (BA.4)",3,"<30"
"Australia","BA.4.1 (BA.4.1)",39,"31–100"
"Australia","BA.4.5 (BA.4.5)",3,"<30"
"Australia","BA.4.6.4 (BA.4.6.4)",14,"<30"
"Australia","BA.5 (BA.5)",3,"<30"
"Australia","BA.5.1 (BA.5.1)",106,"100+"
"Australia","BA.5.2 (BA.5.2)",174,"100+"
"Australia","BA.5.6 (BA.5.6)",2,"<30"
"Australia","BA.5.7 (BA.5.7)",9,"<30"
"Australia","BC5 (BA.1.1.15)",1,"<30"
"Australia","BE.1",64,"31–100"
"Australia","BF (BA.5.2.1)",163,"100+"
"Australia","BF.17",1,"<30"
"Australia","BF.18",0,"<30"
"Australia","BG (BA.2.12.1)",6,"<30"
"Australia","BJ (BA.2.10.1)",49,"31–100"
"Australia","BN.1",23,"<30"
"Australia","BN.1.3",41,"31–100"
"Australia","BQ.1",55,"31–100"
"Australia","BQ.1.1",119,"100+"
"Australia","BR.2.1",122,"100+"
"Australia","C (B.1.1.1)",41,"31–100"
"Australia","CH.1.1",48,"31–100"
"Australia","CH.1.1.1",31,"31–100"
"Australia","D (B.1.1.25)",8,"<30"
"Australia","D.2",154,"100+"
"Australia","D.3",19,"<30"
"Australia","EG.1",81,"31–100"
"Australia","EG.5.1",115,"100+"
"Australia","EG.5.1.1",126,"100+"
"Australia","FK.1",50,"31–100"
"Australia","FL.4",18,"<30"
"Australia","HK.3",141,"100+"
"Australia","HV.1",75,"31–100"
"Australia","JN.1",279,"100+"
"Australia","Q (B.1.1.7)",178,"100+"
"Australia","QB.1.177.57 (B.1.177.57)",7,"<30"
"Australia","XBB",10,"<30"
"Australia","XBB.1.16",220,"100+"
"Australia","XBB.1.5",168,"100+"
"Australia","XBB.1.9",59,"31–100"
"Australia","XBC.1",19,"<30"
"Australia","XBC.1.3",49,"31–100"
"Australia","XBC.1.6",184,"100+"
"Australia","XBF",146,"100+"
"Austria","AY (B.1.617.2)",190,"100+"
"Austria","AY.122",128,"100+"
"Austria","AY.34",22,"<30"
"Austria","AY.4",85,"31–100"
"Austria","AY.41",36,"31–100"
"Austria","AY.43",136,"100+"
"Austria","AY.46.6",26,"<30"
"Austria","AY.9",56,"31–100"
"Austria","B.1",8,"<30"
"Austria","B.1.351",41,"31–100"
"Austria","BA.1 (BA.1)",39,"31–100"
"Austria","BA.1.1 (BA.1.1)",84,"31–100"
"Austria","BA.2 (BA.2)",157,"100+"
"Austria","BA.2.9 (BA.2.9)",69,"31–100"
"Austria","BA.4 (BA.4)",13,"<30"
"Austria","BA.5 (BA.5)",42,"31–100"
"Austria","BA.5.1 (BA.5.1)",78,"31–100"
"Austria","BA.5.2 (BA.5.2)",75,"31–100"
"Austria","BD (BA.1.17.2)",11,"<30"
"Austria","BE.1.1",19,"<30"
"Austria","BF (BA.5.2.1)",23,"<30"
"Austria","BF.14",16,"<30"
"Austria","BF.7",39,"31–100"
"Austria","BG (BA.2.12.1)",12,"<30"
"Austria","BN.1",2,"<30"
"Austria","BQ.1",20,"<30"
"Austria","BQ.1.1",86,"31–100"
"Austria","CH.1.1",21,"<30"
"Austria","EG.1.2",28,"<30"
"Austria","Q (B.1.1.7)",183,"100+"
"Austria","QB.1.177.81 (B.1.177.81)",8,"<30"
"Austria","QB.1.177.86 (B.1.177.86)",5,"<30"
"Austria","R.1",6,"<30"
"Austria","XBB",12,"<30"
"Austria","XBB.1.5",162,"100+"
"Austria","XBB.1.9",58,"31–100"
"Brazil","AY.101",122,"100+"
"Brazil","AY.34.1.1",46,"31–100"
"Brazil","AY.43",99,"31–100"
"Brazil","AY.43.2",18,"<30"
"Brazil","AY.46.3",19,"<30"
"Brazil","AY.99.1",8,"<30"
"Brazil","AY.99.2",175,"100+"
"Brazil","B",45,"31–100"
"Brazil","B.1.1",115,"100+"
"Brazil","B.1.91",7,"<30"
"Brazil","BA.1 (BA.1)",123,"100+"
"Brazil","BA.1.1 (BA.1.1)",139,"100+"
"Brazil","BA.1.14 (BA.1.14)",34,"31–100"
"Brazil","BA.1.14.1 (BA.1.14.1)",94,"31–100"
"Brazil","BA.1.14.2 (BA.1.14.2)",1,"<30"
"Brazil","BA.1.15 (BA.1.15)",60,"31–100"
"Brazil","BA.1.9 (BA.1.9)",2,"<30"
"Brazil","BA.2 (BA.2)",127,"100+"
"Brazil","BA.2.23 (BA.2.23)",10,"<30"
"Brazil","BA.2.56 (BA.2.56)",32,"31–100"
"Brazil","BA.2.81 (BA.2.81)",4,"<30"
"Brazil","BA.2.9 (BA.2.9)",36,"31–100"
"Brazil","BA.4 (BA.4)",93,"31–100"
"Brazil","BA.4.1 (BA.4.1)",47,"31–100"
"Brazil","BA.4.6 (BA.4.6)",59,"31–100"
"Brazil","BA.5 (BA.5)",18,"<30"
"Brazil","BA.5.1 (BA.5.1)",137,"100+"
"Brazil","BA.5.2 (BA.5.2)",48,"31–100"
"Brazil","BC (BA.1.1.1)",5,"<30"
"Brazil","BC4 (BA.1.1.14)",9,"<30"
"Brazil","BD (BA.1.17.2)",4,"<30"
"Brazil","BE.10",80,"31–100"
"Brazil","BE.9",119,"100+"
"Brazil","BF (BA.5.2.1)",151,"100+"
"Brazil","BF.39",4,"<30"
"Brazil","BG (BA.2.12.1)",3,"<30"
"Brazil","BQ.1",28,"<30"
"Brazil","BQ.1.1",128,"100+"
"Brazil","BQ.1.1.60",8,"<30"
"Brazil","DL (BA.5.1.15)",14,"<30"
"Brazil","DL.1",67,"31–100"
"Brazil","FE (XBB.1.18.1)",137,"100+"
"Brazil","FE.1",131,"100+"
"Brazil","FE.1.2",151,"100+"
"Brazil","GK (XBB.1.5.70)",127,"100+"
"Brazil","GK.1",199,"100+"
"Brazil","GK.1.1",131,"100+"
"Brazil","HA (XBB.1.5.86)",93,"31–100"
"Brazil","JD (XBB.1.5.102)",46,"31–100"
"Brazil","JD.1",99,"31–100"
"Brazil","JD.1.1",159,"100+"
"Brazil","JD.1.1.1",113,"100+"
"Brazil","JD.2",64,"31–100"
"Brazil","JN.1",63,"31–100"
"Brazil","JN.1.1",98,"31–100"
"Brazil","JN.1.29",69,"31–100"
"Brazil","JN.1.43.1",86,"31–100"
"Brazil","N.9",32,"31–100"
"Brazil","P (B.1.1.28)",253,"100+"
"Brazil","P.1",269,"100+"
"Brazil","P.1.14",149,"100+"
"Brazil","P.1.4",12,"<30"
"Brazil","P.1.7",83,"31–100"
"Brazil","P.2",165,"100+"
"Brazil","P.7",21,"<30"
"Brazil","Q (B.1.1.7)",18,"<30"
"Brazil","XBB",1,"<30"
"Brazil","XBB.1",16,"<30"
"Brazil","XBB.1.18",27,"<30"
"Brazil","XBB.1.5",176,"100+"
"Brazil","XDR",74,"31–100"
"Canada","A",130,"100+"
"Canada","AE.8",106,"100+"
"Canada","AL.1",24,"<30"
"Canada","AW.1",7,"<30"
"Canada","AY (B.1.617.2)",65,"31–100"
"Canada","AY.103",37,"31–100"
"Canada","AY.122",5,"<30"
"Canada","AY.25.1",172,"100+"
"Canada","AY.25.3",14,"<30"
"Canada","AY.27",164,"100+"
"Canada","AY.44",2,"<30"
"Canada","AY.74",80,"31–100"
"Canada","AY.93",57,"31–100"
"Canada","B",161,"100+"
"Canada","B.1",295,"100+"
"Canada","B.1.1",209,"100+"
"Canada","B.1.1.519",15,"<30"
"Canada","B.1.128",121,"100+"
"Canada","B.1.160",95,"31–100"
"Canada","B.1.2",169,"100+"
"Canada","B.1.279",97,"31–100"
"Canada","B.1.350",24,"<30"
"Canada","B.1.36",160,"100+"
"Canada","B.1.36.18",53,"31–100"
"Canada","B.1.36.36",84,"31–100"
"Canada","B.1.36.37",11,"<30"
"Canada","B.1.422",56,"31–100"
"Canada","B.1.438.1",154,"100+"
"Canada","B.1.525",12,"<30"
"Canada","B.1.564.1",1,"<30"
"Canada","BA.1 (BA.1)",83,"31–100"
"Canada","BA.1.1 (BA.1.1)",135,"100+"
"Canada","BA.1.15 (BA.1.15)",62,"31–100"
"Canada","BA.1.17 (BA.1.17)",4,"<30"
"Canada","BA.1.18 (BA.1.18)",2,"<30"
"Canada","BA.1.20 (BA.1.20)",6,"<30"
"Canada","BA.2 (BA.2)",153,"100+"
"Canada","BA.2.3 (BA.2.3)",118,"100+"
"Canada","BA.4 (BA.4)",4,"<30"
"Canada","BA.4.1 (BA.4.1)",20,"<30"
"Canada","BA.4.6 (BA.4.6)",65,"31–100"
"Canada","BA.5 (BA.5)",0,"<30"
"Canada","BA.5.1 (BA.5.1)",163,"100+"
"Canada","BA.5.1.1 (BA.5.1.1)",7,"<30"
"Canada","BA.5.1.30 (BA.5.1.30)",0,"<30"
"Canada","BA.5.1.7 (BA.5.1.7)",2,"<30"
"Canada","BA.5.2 (BA.5.2)",176,"100+"
"Canada","BA.5.5 (BA.5.5)",9,"<30"
"Canada","BA.5.6 (BA.5.6)",1,"<30"
"Canada","BC0 (BA.1.1.10)",2,"<30"
"Canada","BC6 (BA.1.1.16)",31,"31–100"
"Canada","BD (BA.1.17.2)",67,"31–100"
"Canada","BE.1",0,"<30"
"Canada","BE.1.1",0,"<30"
"Canada","BF (BA.5.2.1)",173,"100+"
"Canada","BF.10",15,"<30"
"Canada","BF.7",79,"31–100"
"Canada","BG (BA.2.12.1)",109,"100+"
"Canada","BQ.1",114,"100+"
"Canada","BQ.1.1",174,"100+"
"Canada","C57 (B.1.1.157)",107,"100+"
"Canada","C76 (B.1.1.176)",163,"100+"
"Canada","D (B.1.1.25)",11,"<30"
"Canada","EG.5.1",149,"100+"
"Canada","EG.5.1.1",129,"100+"
"Canada","FL.1.5.1",52,"31–100"
"Canada","HK.3",88,"31–100"
"Canada","HV.1",133,"100+"
"Canada","JD.1",10,"<30"
"Canada","JF (XBB.1.16.6)",45,"31–100"
"Canada","JG.3",58,"31–100"
"Canada","JN.1",207,"100+"
"Canada","JN.1.4",150,"100+"
"Canada","L.1",40,"31–100"
"Canada","P.1.14",130,"100+"
"Canada","Q (B.1.1.7)",178,"100+"
"Canada","QB.1.147 (B.1.147)",83,"31–100"
"Canada","XBB",0,"<30"
"Canada","XBB.1.16",171,"100+"
"Canada","XBB.1.5",231,"100+"
"Denmark","AY.120.2.1",6,"<30"
"Denmark","AY.121",0,"<30"
"Denmark","AY.125",0,"<30"
"Denmark","AY.126",75,"31–100"
"Denmark","AY.127",0,"<30"
"Denmark","AY.129",7,"<30"
"Denmark","AY.33",31,"31–100"
"Denmark","AY.36",0,"<30"
"Denmark","AY.4",1,"<30"
"Denmark","AY.4.15",1,"<30"
"Denmark","AY.4.2",8,"<30"
"Denmark","AY.4.5",0,"<30"
"Denmark","AY.4.6",112,"100+"
"Denmark","AY.42",6,"<30"
"Denmark","AY.43",173,"100+"
"Denmark","AY.43.6",52,"31–100"
"Denmark","AY.46",0,"<30"
"Denmark","AY.46.6",2,"<30"
"Denmark","AY.7.1",54,"31–100"
"Denmark","AY.80",3,"<30"
"Denmark","AY.9.2",39,"31–100"
"Denmark","AY.98.1",1,"<30"
"Denmark","BA.1 (BA.1)",58,"31–100"
"Denmark","BA.1.1 (BA.1.1)",50,"31–100"
"Denmark","BA.2 (BA.2)",194,"100+"
"Denmark","BA.2.9 (BA.2.9)",162,"100+"
"Denmark","BA.4 (BA.4)",1,"<30"
"Denmark","BA.4.1 (BA.4.1)",3,"<30"
"Denmark","BA.4.6 (BA.4.6)",0,"<30"
"Denmark","BA.5 (BA.5)",36,"31–100"
"Denmark","BA.5.1 (BA.5.1)",170,"100+"
"Denmark","BA.5.1.34 (BA.5.1.34)",14,"<30"
"Denmark","BA.5.11 (BA.5.11)",59,"31–100"
"Denmark","BA.5.2 (BA.5.2)",151,"100+"
"Denmark","BD (BA.1.17.2)",33,"31–100"
"Denmark","BE.1",0,"<30"
"Denmark","BE.1.1",89,"31–100"
"Denmark","BF (BA.5.2.1)",148,"100+"
"Denmark","BF.5",11,"<30"
"Denmark","BF.7",91,"31–100"
"Denmark","BG (BA.2.12.1)",40,"31–100"
"Denmark","BN.1",1,"<30"
"Denmark","BN.1.2",2,"<30"
"Denmark","BN.1.3.1",5,"<30"
"Denmark","BN.1.4.4",4,"<30"
"Denmark","BQ.1",34,"31–100"
"Denmark","BQ.1.1",151,"100+"
"Denmark","BQ.1.1.20",98,"31–100"
"Denmark","BQ.1.18",4,"<30"
"Denmark","CH.1.1",94,"31–100"
"Denmark","CH.1.1.12",46,"31–100"
"Denmark","DH (BA.5.1.22)",0,"<30"
"Denmark","DS.3",0,"<30"
"Denmark","XAY.2",18,"<30"
"Denmark","XBB.1",3,"<30"
"Denmark","XBF",17,"<30"
"France","A",154,"100+"
"France","A.27",1,"<30"
"France","AY (B.1.617.2)",183,"100+"
"France","AY.122",176,"100+"
"France","AY.125",64,"31–100"
"France","AY.126",2,"<30"
"France","AY.33",19,"<30"
"France","AY.34",22,"<30"
"France","AY.4",135,"100+"
"France","AY.42",42,"31–100"
"France","AY.43",189,"100+"
"France","AY.5",56,"31–100"
"France","AY.9.2",5,"<30"
"France","AY.98.1",76,"31–100"
"France","B",55,"31–100"
"France","B.1.1",179,"100+"
"France","B.1.13",0,"<30"
"France","B.1.159",14,"<30"
"France","B.1.160",228,"100+"
"France","B.1.160.30",28,"<30"
"France","B.1.208",2,"<30"
"France","B.1.212",1,"<30"
"France","B.1.258",29,"<30"
"France","B.1.273",2,"<30"
"France","B.1.351",75,"31–100"
"France","B.1.351.2",4,"<30"
"France","B.1.356",10,"<30"
"France","B.1.387",5,"<30"
"France","B.1.529",6,"<30"
"France","B.1.93",2,"<30"
"France","B.40",0,"<30"
"France","BA.1 (BA.1)",71,"31–100"
"France","BA.1.1 (BA.1.1)",92,"31–100"
"France","BA.1.17 (BA.1.17)",7,"<30"
"France","BA.1.18 (BA.1.18)",84,"31–100"
"France","BA.2 (BA.2)",166,"100+"
"France","BA.2.9 (BA.2.9)",70,"31–100"
"France","BA.2.9.3 (BA.2.9.3)",2,"<30"
"France","BA.4 (BA.4)",8,"<30"
"France","BA.4.1 (BA.4.1)",11,"<30"
"France","BA.4.6 (BA.4.6)",17,"<30"
"France","BA.5 (BA.5)",43,"31–100"
"France","BA.5.1 (BA.5.1)",184,"100+"
"France","BA.5.1.17 (BA.5.1.17)",6,"<30"
"France","BA.5.1.30 (BA.5.1.30)",3,"<30"
"France","BA.5.2 (BA.5.2)",157,"100+"
"France","BA.5.2.2 (BA.5.2.2)",7,"<30"
"France","BC (BA.1.1.1)",89,"31–100"
"France","BD (BA.1.17.2)",1,"<30"
"France","BE.1.1",10,"<30"
"France","BF (BA.5.2.1)",136,"100+"
"France","BF.5",4,"<30"
"France","BF.7",102,"100+"
"France","BG (BA.2.12.1)",29,"<30"
"France","BN.1",6,"<30"
"France","BQ.1",53,"31–100"
"France","BQ.1.1",195,"100+"
"France","BQ.1.1.18",52,"31–100"
"France","BQ.1.1.4",65,"31–100"
"France","BV (BA.5.2.20)",12,"<30"
"France","D4 (B.1.1.254)",2,"<30"
"France","DH (BA.5.1.22)",11,"<30"
"France","EG.1",104,"100+"
"France","EG.5.1",95,"31–100"
"France","EG.5.1.1",78,"31–100"
"France","EG.5.1.3",106,"100+"
"France","FL (XBB.1.9.1)",48,"31–100"
"France","FL.1.5",58,"31–100"
"France","GS.4.1",53,"31–100"
"France","HK.3",50,"31–100"
"France","JD.1",37,"31–100"
"France","JG.3",75,"31–100"
"France","JN.1",216,"100+"
"France","JN.1.1",223,"100+"
"France","Q (B.1.1.7)",322,"100+"
"France","QB.1.147 (B.1.147)",5,"<30"
"France","QB.1.177.81 (B.1.177.81)",9,"<30"
"France","XBB",0,"<30"
"France","XBB.1",9,"<30"
"France","XBB.1.16",154,"100+"
"France","XBB.1.5",206,"100+"
"Germany","A",235,"100+"
"Germany","AK (B.1.1.232)",19,"<30"
"Germany","AP (B.1.1.70)",46,"31–100"
"Germany","AS (B.1.1.317)",5,"<30"
"Germany","AY (B.1.617.2)",206,"100+"
"Germany","AY.121",63,"31–100"
"Germany","AY.122",222,"100+"
"Germany","AY.125",4,"<30"
"Germany","AY.126",78,"31–100"
"Germany","AY.129",3,"<30"
"Germany","AY.33",6,"<30"
"Germany","AY.4",186,"100+"
"Germany","AY.42",37,"31–100"
"Germany","AY.43",205,"100+"
"Germany","AY.46.6",31,"31–100"
"Germany","AY.9.2",37,"31–100"
"Germany","AY.98.1",2,"<30"
"Germany","B",71,"31–100"
"Germany","B.1",235,"100+"
"Germany","B.1.1",311,"100+"
"Germany","B.1.160",113,"100+"
"Germany","B.1.221",125,"100+"
"Germany","B.1.258",150,"100+"
"Germany","B.1.329",37,"31–100"
"Germany","B.1.351",1,"<30"
"Germany","BA.1 (BA.1)",61,"31–100"
"Germany","BA.1.1 (BA.1.1)",104,"100+"
"Germany","BA.1.15 (BA.1.15)",1,"<30"
"Germany","BA.1.17 (BA.1.17)",1,"<30"
"Germany","BA.1.18 (BA.1.18)",47,"31–100"
"Germany","BA.2 (BA.2)",170,"100+"
"Germany","BA.2.9 (BA.2.9)",116,"100+"
"Germany","BA.4 (BA.4)",1,"<30"
"Germany","BA.4.1 (BA.4.1)",2,"<30"
"Germany","BA.5 (BA.5)",6,"<30"
"Germany","BA.5.1 (BA.5.1)",188,"100+"
"Germany","BA.5.1.3 (BA.5.1.3)",1,"<30"
"Germany","BA.5.2 (BA.5.2)",210,"100+"
"Germany","BA.5.3 (BA.5.3)",17,"<30"
"Germany","BA.5.9 (BA.5.9)",0,"<30"
"Germany","BC (BA.1.1.1)",54,"31–100"
"Germany","BD (BA.1.17.2)",19,"<30"
"Germany","BE.1",0,"<30"
"Germany","BE.1.1",126,"100+"
"Germany","BE.1.1.2",0,"<30"
"Germany","BF (BA.5.2.1)",157,"100+"
"Germany","BF.5",1,"<30"
"Germany","BF.7",146,"100+"
"Germany","BF.7.5",0,"<30"
"Germany","BG (BA.2.12.1)",14,"<30"
"Germany","BN.1",1,"<30"
"Germany","BN.1.3",21,"<30"
"Germany","BQ.1",76,"31–100"
"Germany","BQ.1.1",166,"100+"
"Germany","CH.1.1",90,"31–100"
"Germany","DH (BA.5.1.22)",0,"<30"
"Germany","EG.5.1",161,"100+"
"Germany","Q (B.1.1.7)",307,"100+"
"Germany","QB.1.177.62 (B.1.177.62)",17,"<30"
"Germany","QB.1.177.81 (B.1.177.81)",87,"31–100"
"Germany","QB.1.177.86 (B.1.177.86)",62,"31–100"
"Germany","XBB.1",67,"31–100"
"Germany","XBB.1.5",184,"100+"
"Germany","XBB.1.9",121,"100+"
"India","A",97,"31–100"
"India","AE (B.1.1.306)",199,"100+"
"India","AM (B.1.1.216)",126,"100+"
"India","AY (B.1.617.2)",327,"100+"
"India","AY.106",19,"<30"
"India","AY.112",18,"<30"
"India","AY.112.2",26,"<30"
"India","AY.120",7,"<30"
"India","AY.122",32,"31–100"
"India","AY.127",112,"100+"
"India","B",147,"100+"
"India","B.1",239,"100+"
"India","B.1.1",121,"100+"
"India","B.1.1.326",87,"31–100"
"India","B.1.1.354",56,"31–100"
"India","B.1.1.46",26,"<30"
"India","B.1.1.526",4,"<30"
"India","B.1.1.529",11,"<30"
"India","B.1.143",4,"<30"
"India","B.1.210",68,"31–100"
"India","B.1.247",8,"<30"
"India","B.1.36",256,"100+"
"India","B.1.36.29",170,"100+"
"India","B.1.36.8",70,"31–100"
"India","B.1.560",158,"100+"
"India","B.1.617",70,"31–100"
"India","B.1.617.1",75,"31–100"
"India","B.6",34,"31–100"
"India","BA.1 (BA.1)",26,"<30"
"India","BA.1.1 (BA.1.1)",39,"31–100"
"India","BA.1.1.7 (BA.1.1.7)",3,"<30"
"India","BA.1.18 (BA.1.18)",7,"<30"
"India","BA.2 (BA.2)",235,"100+"
"India","BA.2.10 (BA.2.10)",130,"100+"
"India","BA.2.38 (BA.2.38)",106,"100+"
"India","BA.2.38.1 (BA.2.38.1)",19,"<30"
"India","BA.2.38.2 (BA.2.38.2)",6,"<30"
"India","BA.2.38.4 (BA.2.38.4)",0,"<30"
"India","BA.2.74 (BA.2.74)",30,"<30"
"India","BA.2.75 (BA.2.75)",119,"100+"
"India","BA.2.76 (BA.2.76)",79,"31–100"
"India","BA.5.2 (BA.5.2)",82,"31–100"
"India","BF (BA.5.2.1)",20,"<30"
"India","BF.3",22,"<30"
"India","BJ (BA.2.10.1)",22,"<30"
"India","BL (BA.2.75.1)",72,"31–100"
"India","BL.1",41,"31–100"
"India","BM (BA.2.75.3)",8,"<30"
"India","BM.1",19,"<30"
"India","BM.1.1.3",45,"31–100"
"India","BN (BA.2.75.5)",29,"<30"
"India","BQ.1",50,"31–100"
"India","CA (BA.2.75.2)",75,"31–100"
"India","FU (XBB.1.16.1)",117,"100+"
"India","FU1 (XBB.1.16.11)",45,"31–100"
"India","GJ.1.1",15,"<30"
"India","GY (XBB.1.16.2)",82,"31–100"
"India","GZ (XBB.2.3.4)",5,"<30"
"India","HH (XBB.2.3.2)",40,"31–100"
"India","Q (B.1.1.7)",93,"31–100"
"India","XBB",121,"100+"
"India","XBB.1",152,"100+"
"India","XBB.1.16",154,"100+"
"India","XBB.1.5",93,"31–100"
"India","XBB.2",101,"100+"
"India","XBB.2.3",189,"100+"
"Italy","AY (B.1.617.2)",184,"100+"
"Italy","AY.122",187,"100+"
"Italy","AY.125",21,"<30"
"Italy","AY.4",166,"100+"
"Italy","AY.42",19,"<30"
"Italy","AY.43",186,"100+"
"Italy","AY.46.6",89,"31–100"
"Italy","AY.61",55,"31–100"
"Italy","AY.7.2",13,"<30"
"Italy","AY.9.2",4,"<30"
"Italy","AY.98.1",40,"31–100"
"Italy","B.1",77,"31–100"
"Italy","B.1.1",183,"100+"
"Italy","B.1.1.372",14,"<30"
"Italy","B.1.1.61",2,"<30"
"Italy","B.1.160",73,"31–100"
"Italy","B.1.258",41,"31–100"
"Italy","B.1.258.14",36,"31–100"
"Italy","BA.1 (BA.1)",84,"31–100"
"Italy","BA.1.1 (BA.1.1)",113,"100+"
"Italy","BA.1.15 (BA.1.15)",16,"<30"
"Italy","BA.1.17 (BA.1.17)",41,"31–100"
"Italy","BA.1.21 (BA.1.21)",1,"<30"
"Italy","BA.1.21.1 (BA.1.21.1)",18,"<30"
"Italy","BA.2 (BA.2)",149,"100+"
"Italy","BA.2.3.15 (BA.2.3.15)",21,"<30"
"Italy","BA.2.52 (BA.2.52)",3,"<30"
"Italy","BA.2.9 (BA.2.9)",109,"100+"
"Italy","BA.4 (BA.4)",87,"31–100"
"Italy","BA.4.1 (BA.4.1)",3,"<30"
"Italy","BA.5 (BA.5)",57,"31–100"
"Italy","BA.5.1 (BA.5.1)",190,"100+"
"Italy","BA.5.2 (BA.5.2)",182,"100+"
"Italy","BC (BA.1.1.1)",33,"31–100"
"Italy","BC1 (BA.1.1.11)",0,"<30"
"Italy","BD (BA.1.17.2)",77,"31–100"
"Italy","BE.1",20,"<30"
"Italy","BE.1.1",31,"31–100"
"Italy","BE.1.1.1",13,"<30"
"Italy","BF (BA.5.2.1)",148,"100+"
"Italy","BF.7",115,"100+"
"Italy","BG (BA.2.12.1)",7,"<30"
"Italy","BK (BA.5.1.10)",66,"31–100"
"Italy","BN.1",4,"<30"
"Italy","BQ.1",70,"31–100"
"Italy","BQ.1.1",191,"100+"
"Italy","BQ.1.1.18",10,"<30"
"Italy","BQ.1.1.47",16,"<30"
"Italy","C (B.1.1.1)",27,"<30"
"Italy","C.18",36,"31–100"
"Italy","C61 (B.1.1.161)",7,"<30"
"Italy","C87 (B.1.1.187)",10,"<30"
"Italy","CH.1",21,"<30"
"Italy","D (B.1.1.25)",7,"<30"
"Italy","EG.1",105,"100+"
"Italy","EG.5.1",116,"100+"
"Italy","EG.5.1.1",110,"100+"
"Italy","EG.5.1.3",61,"31–100"
"Italy","FL (XBB.1.9.1)",72,"31–100"
"Italy","FL.1",26,"<30"
"Italy","HK.3",80,"31–100"
"Italy","HV.1",54,"31–100"
"Italy","JG.3",93,"31–100"
"Italy","JN.1",69,"31–100"
"Italy","P.1.1",90,"31–100"
"Italy","Q (B.1.1.7)",335,"100+"
"Italy","Q.2",49,"31–100"
"Italy","QB.1.177.33 (B.1.177.33)",60,"31–100"
"Italy","QB.1.177.75 (B.1.177.75)",71,"31–100"
"Italy","QB.1.177.83 (B.1.177.83)",47,"31–100"
"Italy","XBB",0,"<30"
"Italy","XBB.1",31,"31–100"
"Italy","XBB.1.16",142,"100+"
"Italy","XBB.1.33",67,"31–100"
"Italy","XBB.1.5",199,"100+"
"Italy","XBF",23,"<30"
"Japan","AV (B.1.1.482)",7,"<30"
"Japan","AY.29",202,"100+"
"Japan","AY.29.1",75,"31–100"
"Japan","AY.29.2",77,"31–100"
"Japan","B.1",68,"31–100"
"Japan","B.1.1.214",277,"100+"
"Japan","B.1.1.48",45,"31–100"
"Japan","B.6",4,"<30"
"Japan","BA.1 (BA.1)",18,"<30"
"Japan","BA.1.1 (BA.1.1)",124,"100+"
"Japan","BA.1.1.2 (BA.1.1.2)",124,"100+"
"Japan","BA.1.15 (BA.1.15)",19,"<30"
"Japan","BA.2 (BA.2)",138,"100+"
"Japan","BA.2.10 (BA.2.10)",103,"100+"
"Japan","BA.2.24 (BA.2.24)",90,"31–100"
"Japan","BA.2.29 (BA.2.29)",96,"31–100"
"Japan","BA.2.3 (BA.2.3)",113,"100+"
"Japan","BA.2.3.1 (BA.2.3.1)",118,"100+"
"Japan","BA.2.3.13 (BA.2.3.13)",98,"31–100"
"Japan","BA.5 (BA.5)",1,"<30"
"Japan","BA.5.1 (BA.5.1)",90,"31–100"
"Japan","BA.5.2 (BA.5.2)",242,"100+"
"Japan","BC.1",81,"31–100"
"Japan","BE.1.1",0,"<30"
"Japan","BF (BA.5.2.1)",223,"100+"
"Japan","BF.11",6,"<30"
"Japan","BF.21",0,"<30"
"Japan","BF.5",253,"100+"
"Japan","BF.7",60,"31–100"
"Japan","BF.7.15",69,"31–100"
"Japan","BF.7.4.1",52,"31–100"
"Japan","BF2 (BA.5.2.12)",0,"<30"
"Japan","BG (BA.2.12.1)",5,"<30"
"Japan","BN.1.2",42,"31–100"
"Japan","BN.1.3",63,"31–100"
"Japan","BQ.1",3,"<30"
"Japan","BQ.1.1",143,"100+"
"Japan","CP (BA.5.2.6)",26,"<30"
"Japan","ED.1",11,"<30"
"Japan","EG.5.1",180,"100+"
"Japan","EG.5.1.1",172,"100+"
"Japan","GK.1.1",101,"100+"
"Japan","HK.3",176,"100+"
"Japan","JN.1",217,"100+"
"Japan","P3 (B.1.1.283)",5,"<30"
"Japan","P4 (B.1.1.284)",263,"100+"
"Japan","P5 (B.1.1.285)",7,"<30"
"Japan","Q (B.1.1.7)",190,"100+"
"Japan","R.1",118,"100+"
"Japan","XBB.1",2,"<30"
"Japan","XBB.1.16",197,"100+"
"Japan","XBB.1.5",149,"100+"
"South Korea","AY (B.1.617.2)",181,"100+"
"South Korea","AY.122",14,"<30"
"South Korea","AY.122.5",123,"100+"
"South Korea","AY.69",211,"100+"
"South Korea","B.1",7,"<30"
"South Korea","B.1.429",5,"<30"
"South Korea","B.1.466",1,"<30"
"South Korea","B.1.619.1",102,"100+"
"South Korea","B.1.620",46,"31–100"
"South Korea","BA.1 (BA.1)",14,"<30"
"South Korea","BA.1.1 (BA.1.1)",93,"31–100"
"South Korea","BA.1.1.5 (BA.1.1.5)",23,"<30"
"South Korea","BA.2 (BA.2)",145,"100+"
"South Korea","BA.2.10 (BA.2.10)",5,"<30"
"South Korea","BA.2.3 (BA.2.3)",142,"100+"
"South Korea","BA.2.3.12 (BA.2.3.12)",22,"<30"
"South Korea","BA.2.3.14 (BA.2.3.14)",16,"<30"
"South Korea","BA.2.68 (BA.2.68)",41,"31–100"
"South Korea","BA.5 (BA.5)",0,"<30"
"South Korea","BA.5.1 (BA.5.1)",27,"<30"
"South Korea","BA.5.2 (BA.5.2)",227,"100+"
"South Korea","BA.5.5 (BA.5.5)",5,"<30"
"South Korea","BF (BA.5.2.1)",168,"100+"
"South Korea","BF.5",7,"<30"
"South Korea","BF9 (BA.5.2.19)",4,"<30"
"South Korea","BG (BA.2.12.1)",4,"<30"
"South Korea","BN.1",26,"<30"
"South Korea","BN.1.2",127,"100+"
"South Korea","BN.1.2.5",25,"<30"
"South Korea","BN.1.3",132,"100+"
"South Korea","BN.1.3.5",6,"<30"
"South Korea","BQ.1",98,"31–100"
"South Korea","CH.1.1",26,"<30"
"South Korea","CJ.1.3",27,"<30"
"South Korea","EG.1",54,"31–100"
"South Korea","EG.1.6",47,"31–100"
"South Korea","EG.5.1",132,"100+"
"South Korea","EG.5.1.1",167,"100+"
"South Korea","FL.10",36,"31–100"
"South Korea","HF.1",38,"31–100"
"South Korea","HG (XBB.2.3.8)",66,"31–100"
"South Korea","HK.3",155,"100+"
"South Korea","JN.1",153,"100+"
"South Korea","Q (B.1.1.7)",97,"31–100"
"South Korea","XBB",1,"<30"
"South Korea","XBB.1.16",153,"100+"
"South Korea","XBB.1.5",128,"100+"
"South Korea","XBB.1.9",49,"31–100"
"Spain","A.5",52,"31–100"
"Spain","AY (B.1.617.2)",77,"31–100"
"Spain","AY.122",52,"31–100"
"Spain","AY.124",3,"<30"
"Spain","AY.125",8,"<30"
"Spain","AY.127",4,"<30"
"Spain","AY.33",20,"<30"
"Spain","AY.4",145,"100+"
"Spain","AY.42",104,"100+"
"Spain","AY.43",195,"100+"
"Spain","AY.5",25,"<30"
"Spain","AY.53",38,"31–100"
"Spain","AY.9.2",62,"31–100"
"Spain","AY.98.1",9,"<30"
"Spain","B.1",52,"31–100"
"Spain","B.1.1",138,"100+"
"Spain","B.1.160",16,"<30"
"Spain","B.1.182",15,"<30"
"Spain","B.1.223",6,"<30"
"Spain","B.1.258",10,"<30"
"Spain","B.1.351.5",14,"<30"
"Spain","B.1.356",10,"<30"
"Spain","B.1.542",6,"<30"
"Spain","B.1.575.1",1,"<30"
"Spain","B.1.600",33,"31–100"
"Spain","BA.1 (BA.1)",59,"31–100"
"Spain","BA.1.1 (BA.1.1)",98,"31–100"
"Spain","BA.1.17 (BA.1.17)",105,"100+"
"Spain","BA.1.18 (BA.1.18)",0,"<30"
"Spain","BA.2 (BA.2)",156,"100+"
"Spain","BA.2.3 (BA.2.3)",79,"31–100"
"Spain","BA.2.56 (BA.2.56)",4,"<30"
"Spain","BA.2.9 (BA.2.9)",120,"100+"
"Spain","BA.4 (BA.4)",31,"31–100"
"Spain","BA.4.1 (BA.4.1)",1,"<30"
"Spain","BA.5 (BA.5)",19,"<30"
"Spain","BA.5.1 (BA.5.1)",181,"100+"
"Spain","BA.5.1.3 (BA.5.1.3)",1,"<30"
"Spain","BA.5.1.30 (BA.5.1.30)",5,"<30"
"Spain","BA.5.2 (BA.5.2)",142,"100+"
"Spain","BC (BA.1.1.1)",90,"31–100"
"Spain","BC4 (BA.1.1.14)",28,"<30"
"Spain","BD (BA.1.17.2)",2,"<30"
"Spain","BE.1",4,"<30"
"Spain","BE.1.1",34,"31–100"
"Spain","BF (BA.5.2.1)",137,"100+"
"Spain","BF.1",9,"<30"
"Spain","BG (BA.2.12.1)",2,"<30"
"Spain","BQ.1",101,"100+"
"Spain","BQ.1.1",178,"100+"
"Spain","BQ.1.1.15",46,"31–100"
"Spain","C (B.1.1.1)",18,"<30"
"Spain","DE (BA.5.1.23)",88,"31–100"
"Spain","DH (BA.5.1.22)",7,"<30"
"Spain","DV.7.1",99,"31–100"
"Spain","EF.1",103,"100+"
"Spain","EG (XBB.1.9.2)",32,"31–100"
"Spain","EG.1",57,"31–100"
"Spain","EG.5.1",112,"100+"
"Spain","EG.5.1.1",81,"31–100"
"Spain","EG.5.1.3",90,"31–100"
"Spain","FL (XBB.1.9.1)",35,"31–100"
"Spain","FL.1",12,"<30"
"Spain","FU1 (XBB.1.16.11)",51,"31–100"
"Spain","HK.3",52,"31–100"
"Spain","JD.1.1",82,"31–100"
"Spain","JG.3",81,"31–100"
"Spain","JK7 (XBB.1.5.37)",47,"31–100"
"Spain","JN.1",287,"100+"
"Spain","P.1",33,"31–100"
"Spain","Q (B.1.1.7)",222,"100+"
"Spain","QB.1.157 (B.1.157)",4,"<30"
"Spain","QB.1.177 (B.1.177)",274,"100+"
"Spain","QB.1.177.32 (B.1.177.32)",28,"<30"
"Spain","XBB",0,"<30"
"Spain","XBB.1.16",120,"100+"
"Spain","XBB.1.5",220,"100+"
"Spain","XBB.2.3",91,"31–100"
"Sweden","A.15",4,"<30"
"Sweden","AY (B.1.617.2)",152,"100+"
"Sweden","AY.122",202,"100+"
"Sweden","AY.126",58,"31–100"
"Sweden","AY.127",25,"<30"
"Sweden","AY.33",41,"31–100"
"Sweden","AY.4",181,"100+"
"Sweden","AY.43",175,"100+"
"Sweden","AY.46.6",32,"31–100"
"Sweden","AY.5",14,"<30"
"Sweden","AY.75",49,"31–100"
"Sweden","AY.9.2",128,"100+"
"Sweden","B.1",47,"31–100"
"Sweden","B.1.1",192,"100+"
"Sweden","B.1.1.261",31,"31–100"
"Sweden","B.1.1.438",5,"<30"
"Sweden","B.1.1.458",10,"<30"
"Sweden","B.1.1.90",6,"<30"
"Sweden","B.1.160",89,"31–100"
"Sweden","B.1.221",45,"31–100"
"Sweden","B.1.258",62,"31–100"
"Sweden","B.1.258.17",1,"<30"
"Sweden","B.1.342",7,"<30"
"Sweden","B.1.351",18,"<30"
"Sweden","B.1.555",11,"<30"
"Sweden","BA.1 (BA.1)",61,"31–100"
"Sweden","BA.1.1 (BA.1.1)",73,"31–100"
"Sweden","BA.1.13 (BA.1.13)",8,"<30"
"Sweden","BA.1.15 (BA.1.15)",29,"<30"
"Sweden","BA.1.17 (BA.1.17)",9,"<30"
"Sweden","BA.1.18 (BA.1.18)",21,"<30"
"Sweden","BA.2 (BA.2)",184,"100+"
"Sweden","BA.2.65 (BA.2.65)",21,"<30"
"Sweden","BA.2.9 (BA.2.9)",156,"100+"
"Sweden","BA.4 (BA.4)",45,"31–100"
"Sweden","BA.4.1 (BA.4.1)",21,"<30"
"Sweden","BA.5 (BA.5)",34,"31–100"
"Sweden","BA.5.1 (BA.5.1)",179,"100+"
"Sweden","BA.5.1.24 (BA.5.1.24)",4,"<30"
"Sweden","BA.5.1.30 (BA.5.1.30)",21,"<30"
"Sweden","BA.5.1.5 (BA.5.1.5)",6,"<30"
"Sweden","BA.5.2 (BA.5.2)",162,"100+"
"Sweden","BC (BA.1.1.1)",0,"<30"
"Sweden","BD (BA.1.17.2)",22,"<30"
"Sweden","BE.1",9,"<30"
"Sweden","BE.1.1",80,"31–100"
"Sweden","BF (BA.5.2.1)",146,"100+"
"Sweden","BF.26",3,"<30"
"Sweden","BF.5",7,"<30"
"Sweden","BF.7",122,"100+"
"Sweden","BG (BA.2.12.1)",30,"<30"
"Sweden","BN.1",2,"<30"
"Sweden","BQ.1",117,"100+"
"Sweden","BQ.1.1",147,"100+"
"Sweden","BQ.1.1.10",21,"<30"
"Sweden","BV (BA.5.2.20)",4,"<30"
"Sweden","BZ (BA.5.2.3)",1,"<30"
"Sweden","CH.1",25,"<30"
"Sweden","CH.1.1.1",83,"31–100"
"Sweden","DE (BA.5.1.23)",5,"<30"
"Sweden","DH (BA.5.1.22)",0,"<30"
"Sweden","EG.1",96,"31–100"
"Sweden","EG.5.1",127,"100+"
"Sweden","EG.5.1.1",132,"100+"
"Sweden","EG.5.1.3",91,"31–100"
"Sweden","G2 (B.1.258.22)",18,"<30"
"Sweden","HK.3",99,"31–100"
"Sweden","HV.1",68,"31–100"
"Sweden","JG.3",55,"31–100"
"Sweden","JN.1",215,"100+"
"Sweden","JN.1.4",111,"100+"
"Sweden","JN.2",114,"100+"
"Sweden","Q (B.1.1.7)",269,"100+"
"Sweden","QB.1.177.21 (B.1.177.21)",17,"<30"
"Sweden","QB.1.177.35 (B.1.177.35)",7,"<30"
"Sweden","QB.1.177.82 (B.1.177.82)",61,"31–100"
"Sweden","QB.1.177.86 (B.1.177.86)",19,"<30"
"Sweden","XBB",1,"<30"
"Sweden","XBB.1",24,"<30"
"Sweden","XBB.1.16",184,"100+"
"Sweden","XBB.1.4.1",32,"31–100"
"Sweden","XBB.1.5",193,"100+"
"Sweden","XBB.1.9",105,"100+"
"Sweden","XBF",33,"31–100"
"United Kingdom","A",38,"31–100"
"United Kingdom","AD.2",54,"31–100"
"United Kingdom","AY (B.1.617.2)",17,"<30"
"United Kingdom","AY.120",0,"<30"
"United Kingdom","AY.4",238,"100+"
"United Kingdom","AY.4.2",91,"31–100"
"United Kingdom","AY.4.2.1",0,"<30"
"United Kingdom","AY.4.2.2",21,"<30"
"United Kingdom","AY.43",21,"<30"
"United Kingdom","AY.46",0,"<30"
"United Kingdom","AY.5",53,"31–100"
"United Kingdom","AY.6",3,"<30"
"United Kingdom","AY.9",24,"<30"
"United Kingdom","AY.98",6,"<30"
"United Kingdom","B.1",164,"100+"
"United Kingdom","B.1.1",238,"100+"
"United Kingdom","B.1.1.301",22,"<30"
"United Kingdom","B.1.1.369",72,"31–100"
"United Kingdom","B.1.1.37",74,"31–100"
"United Kingdom","B.1.1.372",10,"<30"
"United Kingdom","B.1.1.83",3,"<30"
"United Kingdom","B.1.13",0,"<30"
"United Kingdom","B.1.142",4,"<30"
"United Kingdom","B.1.222",2,"<30"
"United Kingdom","B.1.36",42,"31–100"
"United Kingdom","B.1.391",0,"<30"
"United Kingdom","B.1.93",12,"<30"
"United Kingdom","B.23",0,"<30"
"United Kingdom","B.28",0,"<30"
"United Kingdom","B.3",13,"<30"
"United Kingdom","B.3.1",4,"<30"
"United Kingdom","B.39",1,"<30"
"United Kingdom","B.45",0,"<30"
"United Kingdom","BA.1 (BA.1)",80,"31–100"
"United Kingdom","BA.1.1 (BA.1.1)",98,"31–100"
"United Kingdom","BA.1.15 (BA.1.15)",0,"<30"
"United Kingdom","BA.1.15.1 (BA.1.15.1)",39,"31–100"
"United Kingdom","BA.1.16 (BA.1.16)",0,"<30"
"United Kingdom","BA.2 (BA.2)",151,"100+"
"United Kingdom","BA.2.10 (BA.2.10)",0,"<30"
"United Kingdom","BA.2.18 (BA.2.18)",4,"<30"
"United Kingdom","BA.2.23 (BA.2.23)",37,"31–100"
"United Kingdom","BA.2.3 (BA.2.3)",52,"31–100"
"United Kingdom","BA.2.9 (BA.2.9)",76,"31–100"
"United Kingdom","BA.4 (BA.4)",65,"31–100"
"United Kingdom","BA.4.1 (BA.4.1)",41,"31–100"
"United Kingdom","BA.4.6 (BA.4.6)",28,"<30"
"United Kingdom","BA.5 (BA.5)",40,"31–100"
"United Kingdom","BA.5.1 (BA.5.1)",163,"100+"
"United Kingdom","BA.5.2 (BA.5.2)",161,"100+"
"United Kingdom","BA.5.3.3 (BA.5.3.3)",0,"<30"
"United Kingdom","BC5 (BA.1.1.15)",0,"<30"
"United Kingdom","BD (BA.1.17.2)",72,"31–100"
"United Kingdom","BE.1",23,"<30"
"United Kingdom","BE.1.1",16,"<30"
"United Kingdom","BF (BA.5.2.1)",154,"100+"
"United Kingdom","BF.1",34,"31–100"
"United Kingdom","BF.5",1,"<30"
"United Kingdom","BG (BA.2.12.1)",39,"31–100"
"United Kingdom","BN.1",25,"<30"
"United Kingdom","BQ.1",82,"31–100"
"United Kingdom","BQ.1.1",160,"100+"
"United Kingdom","BQ.1.8",22,"<30"
"United Kingdom","BZ (BA.5.2.3)",7,"<30"
"United Kingdom","C (B.1.1.1)",115,"100+"
"United Kingdom","CH.1.1",98,"31–100"
"United Kingdom","CH.1.1.1",62,"31–100"
"United Kingdom","DH (BA.5.1.22)",0,"<30"
"United Kingdom","DV.6",9,"<30"
"United Kingdom","EG.5.1",137,"100+"
"United Kingdom","EG.5.1.1",111,"100+"
"United Kingdom","EM (XBB.1.5.7)",43,"31–100"
"United Kingdom","FL (XBB.1.9.1)",32,"31–100"
"United Kingdom","FL.3",92,"31–100"
"United Kingdom","HJ8 (XBB.1.5.18)",12,"<30"
"United Kingdom","JN.1",234,"100+"
"United Kingdom","JN.1.4",140,"100+"
"United Kingdom","L (B.1.1.10)",2,"<30"
"United Kingdom","P9 (B.1.1.289)",7,"<30"
"United Kingdom","Q (B.1.1.7)",325,"100+"
"United Kingdom","QB.1.177.4 (B.1.177.4)",26,"<30"
"United Kingdom","QB.1.177.57 (B.1.177.57)",3,"<30"
"United Kingdom","QB.1.177.7 (B.1.177.7)",45,"31–100"
"United Kingdom","XBB",0,"<30"
"United Kingdom","XBB.1",0,"<30"
"United Kingdom","XBB.1.16",221,"100+"
"United Kingdom","XBB.1.5",198,"100+"
"United States","A",201,"100+"
"United States","A.3",0,"<30"
"United States","AY (B.1.617.2)",10,"<30"
"United States","AY.100",104,"100+"
"United States","AY.103",183,"100+"
"United States","AY.118",0,"<30"
"United States","AY.119",0,"<30"
"United States","AY.122",0,"<30"
"United States","AY.20",0,"<30"
"United States","AY.25",172,"100+"
"United States","AY.25.1",33,"31–100"
"United States","AY.26",0,"<30"
"United States","AY.3",181,"100+"
"United States","AY.39",25,"<30"
"United States","AY.44",201,"100+"
"United States","AY.47",0,"<30"
"United States","AY.75",0,"<30"
"United States","B",176,"100+"
"United States","B.1.1",326,"100+"
"United States","B.1.1.222",1,"<30"
"United States","B.1.1.291",21,"<30"
"United States","B.1.1.519",12,"<30"
"United States","B.1.2",290,"100+"
"United States","B.1.206",7,"<30"
"United States","B.1.234",17,"<30"
"United States","B.1.240",54,"31–100"
"United States","B.1.243",69,"31–100"
"United States","B.1.289",0,"<30"
"United States","B.1.311",1,"<30"
"United States","B.1.320",2,"<30"
"United States","B.1.332",0,"<30"
"United States","B.1.369",81,"31–100"
"United States","B.1.371",2,"<30"
"United States","B.1.384",0,"<30"
"United States","B.1.426",15,"<30"
"United States","B.1.427",62,"31–100"
"United States","B.1.429",114,"100+"
"United States","B.1.516",1,"<30"
"United States","B.1.526",103,"100+"
"United States","B.1.595",24,"<30"
"United States","BA.1 (BA.1)",73,"31–100"
"United States","BA.1.1 (BA.1.1)",122,"100+"
"United States","BA.1.15 (BA.1.15)",86,"31–100"
"United States","BA.1.18 (BA.1.18)",1,"<30"
"United States","BA.1.20 (BA.1.20)",4,"<30"
"United States","BA.2 (BA.2)",121,"100+"
"United States","BA.2.3 (BA.2.3)",72,"31–100"
"United States","BA.2.9 (BA.2.9)",52,"31–100"
"United States","BA.4 (BA.4)",0,"<30"
"United States","BA.4.1 (BA.4.1)",55,"31–100"
"United States","BA.4.6 (BA.4.6)",92,"31–100"
"United States","BA.5 (BA.5)",0,"<30"
"United States","BA.5.1 (BA.5.1)",147,"100+"
"United States","BA.5.1.1 (BA.5.1.1)",0,"<30"
"United States","BA.5.2 (BA.5.2)",158,"100+"
"United States","BA.5.2.9 (BA.5.2.9)",0,"<30"
"United States","BA.5.5 (BA.5.5)",91,"31–100"
"United States","BA.5.6 (BA.5.6)",58,"31–100"
"United States","BC8 (BA.1.1.18)",71,"31–100"
"United States","BD (BA.1.17.2)",0,"<30"
"United States","BE.1",0,"<30"
"United States","BF (BA.5.2.1)",159,"100+"
"United States","BF.10",0,"<30"
"United States","BF.7",26,"<30"
"United States","BG (BA.2.12.1)",120,"100+"
"United States","BN.1",0,"<30"
"United States","BQ.1",100,"31–100"
"United States","BQ.1.1",147,"100+"
"United States","EG.5.1",163,"100+"
"United States","EG.5.1.1",95,"31–100"
"United States","FL.1.5.1",108,"100+"
"United States","HV.1",134,"100+"
"United States","JF (XBB.1.16.6)",101,"100+"
"United States","JN.1",238,"100+"
"United States","JN.1.4",168,"100+"
"United States","P.1",83,"31–100"
"United States","Q (B.1.1.7)",159,"100+"
"United States","XBB",0,"<30"
"United States","XBB.1.16",212,"100+"
"United States","XBB.1.5",269,"100+"
