"country","lineage","peak_share","peak_share_logit","peak_share_cat"
"Australia","A",0.239843588950732,-1.15353721793816,">0.20"
"Australia","A.2.2",0.386663458169429,-0.461359095606545,">0.20"
"Australia","AU (B.1.466.2)",0.250001090179662,-1.09860647438503,">0.20"
"Australia","AY (B.1.617.2)",0.486206483574905,-0.0551880687326633,">0.20"
"Australia","AY.39",0.0785070810083116,-2.46280626821304,"0.10–0.20"
"Australia","AY.39.1",0.941913247996333,2.78597555964706,">0.20"
"Australia","AY.39.1.2",0.532870253953707,0.131670920680355,">0.20"
"Australia","AY.39.1.3",0.208782728814006,-1.3322784729936,">0.20"
"Australia","AY.39.1.4",0.298282982274955,-0.855487573236527,">0.20"
"Australia","B.1",0.494782598354027,-0.0208703640965862,">0.20"
"Australia","B.1.1.416",0.0931334725645871,-2.27596162788062,"0.10–0.20"
"Australia","B.1.160",0.154761904761905,-1.69773051957978,"0.10–0.20"
"Australia","B.1.2",0.198214285714286,-1.39749268642992,"0.10–0.20"
"Australia","B.1.23",0.068247120331835,-2.61393238872155,"0.10–0.20"
"Australia","B.1.258",0.155952380952381,-1.68865820333098,"0.10–0.20"
"Australia","B.1.319",0.0434419381787803,-3.09191619740691,"<0.10"
"Australia","B.1.338",0.465703344274773,-0.137402388632755,">0.20"
"Australia","B.1.351",0.128363997113997,-1.91550195324965,"0.10–0.20"
"Australia","B.1.36",0.157312925170068,-1.67835870925166,"0.10–0.20"
"Australia","B.1.36.1",0.23339874411303,-1.18921845219838,">0.20"
"Australia","B.1.429",0.071978021978022,-2.55669459360665,"0.10–0.20"
"Australia","B.1.517.1",0.567377992377992,0.271161349699559,">0.20"
"Australia","B.29",0.0197932692929911,-3.90242155390671,"<0.10"
"Australia","B.3",0.0387944713879881,-3.20991050915063,"<0.10"
"Australia","B.4.5",0.0712069676355391,-2.56829525491497,"0.10–0.20"
"Australia","B.6",0.0663265306122449,-2.64453679537988,"0.10–0.20"
"Australia","BA.1 (BA.1)",0.0755397906144678,-2.50455046432479,"0.10–0.20"
"Australia","BA.1.1 (BA.1.1)",0.101411530407601,-2.18163836823072,"0.10–0.20"
"Australia","BA.1.17 (BA.1.17)",0.82074632864117,1.52141212214748,">0.20"
"Australia","BA.1.17.1 (BA.1.17.1)",0.0401174482901725,-3.17499957587738,"<0.10"
"Australia","BA.2 (BA.2)",0.690297267672347,0.801509418089083,">0.20"
"Australia","BA.2.10 (BA.2.10)",0.0596152167594751,-2.75837827913827,"0.10–0.20"
"Australia","BA.2.12.2 (BA.2.12.2)",0.0515360590786213,-2.91256203275623,"0.10–0.20"
"Australia","BA.2.3 (BA.2.3)",0.190250108492528,-1.44838585706409,"0.10–0.20"
"Australia","BA.2.33 (BA.2.33)",0.0586913331993986,-2.77497903551074,"0.10–0.20"
"Australia","BA.2.42 (BA.2.42)",0.0523741490513427,-2.89554662147586,"0.10–0.20"
"Australia","BA.4 (BA.4)",0.0420362551342856,-3.12627746923851,"<0.10"
"Australia","BA.4.1 (BA.4.1)",0.0641637446464939,-2.68000219426589,"0.10–0.20"
"Australia","BA.4.5 (BA.4.5)",0.0306898649148723,-3.45265215050971,"<0.10"
"Australia","BA.4.6.4 (BA.4.6.4)",0.0527034535962724,-2.8889312006126,"0.10–0.20"
"Australia","BA.5 (BA.5)",0.0252337784056606,-3.65401415963503,"<0.10"
"Australia","BA.5.1 (BA.5.1)",0.0890467493317582,-2.32533007422803,"0.10–0.20"
"Australia","BA.5.2 (BA.5.2)",0.317324625826918,-0.766094146420566,">0.20"
"Australia","BA.5.6 (BA.5.6)",0.0253076314316822,-3.65101591392812,"<0.10"
"Australia","BA.5.7 (BA.5.7)",0.0518529464854921,-2.90609784979842,"0.10–0.20"
"Australia","BC5 (BA.1.1.15)",0.0259189928827504,-3.62651845381199,"<0.10"
"Australia","BE.1",0.0753307535234787,-2.50754763743757,"0.10–0.20"
"Australia","BF (BA.5.2.1)",0.294195739825073,-0.875092619652668,">0.20"
"Australia","BF.17",0.0240250514320834,-3.7043398230052,"<0.10"
"Australia","BF.18",0.0225103715526637,-3.77101152062109,"<0.10"
"Australia","BG (BA.2.12.1)",0.0433023439828257,-3.09528064551439,"<0.10"
"Australia","BJ (BA.2.10.1)",0.0752581016647702,-2.50859110859695,"0.10–0.20"
"Australia","BN.1",0.0555891632390626,-2.83257300341529,"0.10–0.20"
"Australia","BN.1.3",0.0606722271372417,-2.73967843386357,"0.10–0.20"
"Australia","BQ.1",0.0738059226276002,-2.5296448186883,"0.10–0.20"
"Australia","BQ.1.1",0.146652787281166,-1.76109871198569,"0.10–0.20"
"Australia","BR.2.1",0.209255670697452,-1.32941788176051,">0.20"
"Australia","C (B.1.1.1)",0.204725351679133,-1.35701819161232,">0.20"
"Australia","CH.1.1",0.0811036538811086,-2.42744531200715,"0.10–0.20"
"Australia","CH.1.1.1",0.0761909646616463,-2.4952624969024,"0.10–0.20"
"Australia","D (B.1.1.25)",0.113095238095238,-2.05950732677902,"0.10–0.20"
"Australia","D.2",0.991699332330884,4.78308401530523,">0.20"
"Australia","D.3",0.0751063877376903,-2.51077310554706,"0.10–0.20"
"Australia","EG.1",0.103173052108769,-2.16245522427667,"0.10–0.20"
"Australia","EG.5.1",0.162431440265329,-1.64024711603556,"0.10–0.20"
"Australia","EG.5.1.1",0.165498729516685,-1.61787074739798,"0.10–0.20"
"Australia","FK.1",0.064447180490302,-2.67529162419429,"0.10–0.20"
"Australia","FL.4",0.0411372024383354,-3.1488351155123,"<0.10"
"Australia","HK.3",0.310820480346311,-0.796286276194832,">0.20"
"Australia","HV.1",0.142395516183833,-1.79553450762424,"0.10–0.20"
"Australia","JN.1",0.761856518332165,1.16288488563223,">0.20"
"Australia","Q (B.1.1.7)",0.661904761904762,0.671794056089376,">0.20"
"Australia","QB.1.177.57 (B.1.177.57)",0.100396825396825,-2.19282316178001,"0.10–0.20"
"Australia","XBB",0.0448158809069002,-3.05934155562491,"<0.10"
"Australia","XBB.1.16",0.266226905213913,-1.01385087337276,">0.20"
"Australia","XBB.1.5",0.304349092460802,-0.826672591836428,">0.20"
"Australia","XBB.1.9",0.0643442311421511,-2.67700035863709,"0.10–0.20"
"Australia","XBC.1",0.0405401873308013,-3.16407666905209,"<0.10"
"Australia","XBC.1.3",0.0836522210884283,-2.39372798467481,"0.10–0.20"
"Australia","XBC.1.6",0.237303428712097,-1.16752066148033,">0.20"
"Australia","XBF",0.353431083767395,-0.603991279149608,">0.20"
"Austria","AY (B.1.617.2)",0.852628380426004,1.75536636968134,">0.20"
"Austria","AY.122",0.607042114900308,0.434895727165282,">0.20"
"Austria","AY.34",0.0929863069993204,-2.27770530127864,"0.10–0.20"
"Austria","AY.4",0.176584667228222,-1.539660268091,"0.10–0.20"
"Austria","AY.41",0.131518128618969,-1.88760200964521,"0.10–0.20"
"Austria","AY.43",0.240508702488361,-1.14989258991538,">0.20"
"Austria","AY.46.6",0.0490067008469301,-2.96554997567534,"<0.10"
"Austria","AY.9",0.16877529816574,-1.59433192405061,"0.10–0.20"
"Austria","B.1",0.0229166666666667,-3.75270749564791,"<0.10"
"Austria","B.1.351",0.354343404229307,-0.600001265580839,">0.20"
"Austria","BA.1 (BA.1)",0.127193950188034,-1.92600027763331,"0.10–0.20"
"Austria","BA.1.1 (BA.1.1)",0.191853721719613,-1.43800986399484,"0.10–0.20"
"Austria","BA.2 (BA.2)",0.551009936622976,0.204752085854865,">0.20"
"Austria","BA.2.9 (BA.2.9)",0.125551249415684,-1.94087965139966,"0.10–0.20"
"Austria","BA.4 (BA.4)",0.0508007497014758,-2.92770762235813,"0.10–0.20"
"Austria","BA.5 (BA.5)",0.0974491931198392,-2.22589383835537,"0.10–0.20"
"Austria","BA.5.1 (BA.5.1)",0.109630875088088,-2.09451708198437,"0.10–0.20"
"Austria","BA.5.2 (BA.5.2)",0.112121317315847,-2.06925363967225,"0.10–0.20"
"Austria","BD (BA.1.17.2)",0.0406347826038351,-3.16164741965511,"<0.10"
"Austria","BE.1.1",0.0434250429352626,-3.09232285094604,"<0.10"
"Austria","BF (BA.5.2.1)",0.0456142068730575,-3.04084876278269,"<0.10"
"Austria","BF.14",0.0389698727982597,-3.20521690307325,"<0.10"
"Austria","BF.7",0.0772178579810331,-2.48076242288265,"0.10–0.20"
"Austria","BG (BA.2.12.1)",0.0444566998073002,-3.06776440201823,"<0.10"
"Austria","BN.1",0.0223243080711874,-3.7795018788671,"<0.10"
"Austria","BQ.1",0.0653305263018727,-2.66073355785308,"0.10–0.20"
"Austria","BQ.1.1",0.205668109058267,-1.35123762411524,">0.20"
"Austria","CH.1.1",0.0517602823186477,-2.90798423248551,"0.10–0.20"
"Austria","EG.1.2",0.0865541663706377,-2.35645365986259,"0.10–0.20"
"Austria","Q (B.1.1.7)",0.913047835357577,2.3514301370779,">0.20"
"Austria","QB.1.177.81 (B.1.177.81)",0.042096249794182,-3.12478864521208,"<0.10"
"Austria","QB.1.177.86 (B.1.177.86)",0.0228539025210582,-3.75551428626396,"<0.10"
"Austria","R.1",0.0512397802561737,-2.91863991195219,"0.10–0.20"
"Austria","XBB",0.0261551071773844,-3.61720756875369,"<0.10"
"Austria","XBB.1.5",0.565089496601868,0.26184384906076,">0.20"
"Austria","XBB.1.9",0.157639021837628,-1.67590089025905,"0.10–0.20"
"Brazil","AY.101",0.109536191005527,-2.09548745456916,"0.10–0.20"
"Brazil","AY.34.1.1",0.0802203180212019,-2.43935734055703,"0.10–0.20"
"Brazil","AY.43",0.136425519380655,-1.84530132805995,"0.10–0.20"
"Brazil","AY.43.2",0.0565477375654002,-2.81446057319827,"0.10–0.20"
"Brazil","AY.46.3",0.0448245007206092,-3.0591402114607,"<0.10"
"Brazil","AY.99.1",0.0378177644283499,-3.23642491613988,"<0.10"
"Brazil","AY.99.2",0.597117581398999,0.393469293650066,">0.20"
"Brazil","B",0.0904775093383185,-2.30781842203034,"0.10–0.20"
"Brazil","B.1.1",0.132482623821565,-1.87918404594006,"0.10–0.20"
"Brazil","B.1.91",0.0312521205910805,-3.43391715887324,"<0.10"
"Brazil","BA.1 (BA.1)",0.426025359207755,-0.298086342384848,">0.20"
"Brazil","BA.1.1 (BA.1.1)",0.416001652337403,-0.33920892126107,">0.20"
"Brazil","BA.1.14 (BA.1.14)",0.0612911466380338,-2.72886996508636,"0.10–0.20"
"Brazil","BA.1.14.1 (BA.1.14.1)",0.14559176478285,-1.7696025331507,"0.10–0.20"
"Brazil","BA.1.14.2 (BA.1.14.2)",0.0248521241916227,-3.66964589755568,"<0.10"
"Brazil","BA.1.15 (BA.1.15)",0.0650416473684855,-2.665474192194,"0.10–0.20"
"Brazil","BA.1.9 (BA.1.9)",0.0304581291512044,-3.46047073611019,"<0.10"
"Brazil","BA.2 (BA.2)",0.703984111244153,0.866342655535242,">0.20"
"Brazil","BA.2.23 (BA.2.23)",0.0343221601664114,-3.33703906490149,"<0.10"
"Brazil","BA.2.56 (BA.2.56)",0.0736570405915856,-2.53182479900017,"0.10–0.20"
"Brazil","BA.2.81 (BA.2.81)",0.0323888857893577,-3.39701493228194,"<0.10"
"Brazil","BA.2.9 (BA.2.9)",0.0886300698827738,-2.3304776959892,"0.10–0.20"
"Brazil","BA.4 (BA.4)",0.155504973502595,-1.69206113189651,"0.10–0.20"
"Brazil","BA.4.1 (BA.4.1)",0.100691245999271,-2.18956755265277,"0.10–0.20"
"Brazil","BA.4.6 (BA.4.6)",0.196538382252668,-1.40807167344428,"0.10–0.20"
"Brazil","BA.5 (BA.5)",0.0448641156996999,-3.05821534727706,"<0.10"
"Brazil","BA.5.1 (BA.5.1)",0.286531165496502,-0.912291445888914,">0.20"
"Brazil","BA.5.2 (BA.5.2)",0.0722858933931862,-2.55209461254384,"0.10–0.20"
"Brazil","BC (BA.1.1.1)",0.0380831424642052,-3.22915629103992,"<0.10"
"Brazil","BC4 (BA.1.1.14)",0.0442400752935626,-3.07287569758354,"<0.10"
"Brazil","BD (BA.1.17.2)",0.0384524460892132,-3.21912171051845,"<0.10"
"Brazil","BE.10",0.120331740584933,-1.9892924250199,"0.10–0.20"
"Brazil","BE.9",0.426398766855873,-0.296559458257547,">0.20"
"Brazil","BF (BA.5.2.1)",0.476522504903665,-0.0939790884993203,">0.20"
"Brazil","BF.39",0.0242636238672721,-3.6942141749188,"<0.10"
"Brazil","BG (BA.2.12.1)",0.0367180156123243,-3.26707866438058,"<0.10"
"Brazil","BQ.1",0.0795738070901948,-2.44815183389383,"0.10–0.20"
"Brazil","BQ.1.1",0.599008975460258,0.401337537714912,">0.20"
"Brazil","BQ.1.1.60",0.0341086135549548,-3.34350144218704,"<0.10"
"Brazil","DL (BA.5.1.15)",0.0438857403724288,-3.08128797770666,"<0.10"
"Brazil","DL.1",0.201667836990794,-1.37590278261056,">0.20"
"Brazil","FE (XBB.1.18.1)",0.237757667128453,-1.16501257766382,">0.20"
"Brazil","FE.1",0.189045937185227,-1.45622137044907,"0.10–0.20"
"Brazil","FE.1.2",0.295664611758515,-0.868028902932535,">0.20"
"Brazil","GK (XBB.1.5.70)",0.179705302730887,-1.51834536045634,"0.10–0.20"
"Brazil","GK.1",0.237346906955469,-1.16728045275518,">0.20"
"Brazil","GK.1.1",0.281743217772834,-0.935831059686831,">0.20"
"Brazil","HA (XBB.1.5.86)",0.151022357356964,-1.72660496438934,"0.10–0.20"
"Brazil","JD (XBB.1.5.102)",0.191002034874399,-1.44351231997686,"0.10–0.20"
"Brazil","JD.1",0.176242804814233,-1.54201320334018,"0.10–0.20"
"Brazil","JD.1.1",0.378135401344067,-0.49747004590001,">0.20"
"Brazil","JD.1.1.1",0.18269764349363,-1.49817654272777,"0.10–0.20"
"Brazil","JD.2",0.420252226989463,-0.321738063359267,">0.20"
"Brazil","JN.1",0.188057995429561,-1.46267851308285,"0.10–0.20"
"Brazil","JN.1.1",0.224378516476283,-1.24033019077865,">0.20"
"Brazil","JN.1.29",0.112323353252054,-2.06722574584934,"0.10–0.20"
"Brazil","JN.1.43.1",0.127381056364464,-1.92431593194336,"0.10–0.20"
"Brazil","N.9",0.0731860950665722,-2.53874735079479,"0.10–0.20"
"Brazil","P (B.1.1.28)",0.544284295350333,0.177602551724106,">0.20"
"Brazil","P.1",0.851120428860179,1.74341590133175,">0.20"
"Brazil","P.1.14",0.135387453021027,-1.85414079385153,"0.10–0.20"
"Brazil","P.1.4",0.0445001396186839,-3.06674229089346,"<0.10"
"Brazil","P.1.7",0.129026294102095,-1.90959557415038,"0.10–0.20"
"Brazil","P.2",0.584681648006657,0.342022168277644,">0.20"
"Brazil","P.7",0.0742471145789531,-2.52320842059761,"0.10–0.20"
"Brazil","Q (B.1.1.7)",0.0430137556677284,-3.10226905382496,"<0.10"
"Brazil","XBB",0.00900251834550628,-4.70120763874796,"<0.10"
"Brazil","XBB.1",0.0410856239010888,-3.15014350944374,"<0.10"
"Brazil","XBB.1.18",0.075858377894715,-2.49999717742162,"0.10–0.20"
"Brazil","XBB.1.5",0.318120538062258,-0.762422538727053,">0.20"
"Brazil","XDR",0.164273873210839,-1.62676596628132,"0.10–0.20"
"Canada","A",0.207187294750096,-1.34196381895031,">0.20"
"Canada","AE.8",0.321323571623769,-0.747695845840568,">0.20"
"Canada","AL.1",0.0613764858008825,-2.72738766107405,"0.10–0.20"
"Canada","AW.1",0.0543747878066943,-2.85594572194175,"0.10–0.20"
"Canada","AY (B.1.617.2)",0.0848086994392611,-2.37873498981094,"0.10–0.20"
"Canada","AY.103",0.128691599765034,-1.91257714764616,"0.10–0.20"
"Canada","AY.122",0.0452427013991572,-3.04941580850132,"<0.10"
"Canada","AY.25.1",0.630027418756611,0.532334442129643,">0.20"
"Canada","AY.25.3",0.0688189332059423,-2.60497484569164,"0.10–0.20"
"Canada","AY.27",0.330183935183598,-0.707353266043354,">0.20"
"Canada","AY.44",0.0296564364575839,-3.48797101492107,"<0.10"
"Canada","AY.74",0.0888215578562226,-2.32810936391382,"0.10–0.20"
"Canada","AY.93",0.0865394506409223,-2.35663980189371,"0.10–0.20"
"Canada","B",0.102642594807654,-2.16820122707637,"0.10–0.20"
"Canada","B.1",0.542675901825703,0.171119949938506,">0.20"
"Canada","B.1.1",0.305687126882779,-0.820360567017703,">0.20"
"Canada","B.1.1.519",0.0543778624414632,-2.85588592687657,"0.10–0.20"
"Canada","B.1.128",0.292182024252894,-0.884809985453837,">0.20"
"Canada","B.1.160",0.178350022288249,-1.52756644972704,"0.10–0.20"
"Canada","B.1.2",0.251752423864156,-1.08928774773761,">0.20"
"Canada","B.1.279",0.530097688156469,0.120536480878712,">0.20"
"Canada","B.1.350",0.104828821881267,-2.1446862084273,"0.10–0.20"
"Canada","B.1.36",0.141317485621558,-1.80439022433123,"0.10–0.20"
"Canada","B.1.36.18",0.0798442642237902,-2.44446489354122,"0.10–0.20"
"Canada","B.1.36.36",0.198308872546633,-1.39689762824821,"0.10–0.20"
"Canada","B.1.36.37",0.0433745680796019,-3.09353863623592,"<0.10"
"Canada","B.1.422",0.220426686820164,-1.26318158209612,">0.20"
"Canada","B.1.438.1",0.233126056804388,-1.19074311380122,">0.20"
"Canada","B.1.525",0.0482774183875612,-2.98130966332984,"<0.10"
"Canada","B.1.564.1",0.0214788527327945,-3.81897354126189,"<0.10"
"Canada","BA.1 (BA.1)",0.242533946787958,-1.13883703480304,">0.20"
"Canada","BA.1.1 (BA.1.1)",0.549069368147823,0.196911269134248,">0.20"
"Canada","BA.1.15 (BA.1.15)",0.104010261629163,-2.15343939641319,"0.10–0.20"
"Canada","BA.1.17 (BA.1.17)",0.0323108954239658,-3.39950636975429,"<0.10"
"Canada","BA.1.18 (BA.1.18)",0.0405971638792706,-3.16261283622629,"<0.10"
"Canada","BA.1.20 (BA.1.20)",0.0471472788377104,-3.00618405485016,"<0.10"
"Canada","BA.2 (BA.2)",0.580020403442463,0.322857150798323,">0.20"
"Canada","BA.2.3 (BA.2.3)",0.220039137965812,-1.26543831117083,">0.20"
"Canada","BA.4 (BA.4)",0.0431278936818629,-3.09949976934166,"<0.10"
"Canada","BA.4.1 (BA.4.1)",0.055946824507696,-2.82578081727705,"0.10–0.20"
"Canada","BA.4.6 (BA.4.6)",0.0678809373580987,-2.61970530682457,"0.10–0.20"
"Canada","BA.5 (BA.5)",0.0165894425487748,-4.0822601885867,"<0.10"
"Canada","BA.5.1 (BA.5.1)",0.171772028600668,-1.57312026170495,"0.10–0.20"
"Canada","BA.5.1.1 (BA.5.1.1)",0.038365158770802,-3.22148507163467,"<0.10"
"Canada","BA.5.1.30 (BA.5.1.30)",0.0210511440919005,-3.83952449019912,"<0.10"
"Canada","BA.5.1.7 (BA.5.1.7)",0.0230925119208059,-3.74488355206924,"<0.10"
"Canada","BA.5.2 (BA.5.2)",0.23389183534535,-1.18646460051577,">0.20"
"Canada","BA.5.5 (BA.5.5)",0.0457615513866814,-3.03746933717468,"<0.10"
"Canada","BA.5.6 (BA.5.6)",0.0394539517273239,-3.19236771023735,"<0.10"
"Canada","BC0 (BA.1.1.10)",0.0357181941101187,-3.29572338374914,"<0.10"
"Canada","BC6 (BA.1.1.16)",0.0586312929239142,-2.77606632458615,"0.10–0.20"
"Canada","BD (BA.1.17.2)",0.181808086707162,-1.50414525982125,"0.10–0.20"
"Canada","BE.1",0.0282182000380717,-3.53916413243432,"<0.10"
"Canada","BE.1.1",0.0204330389294264,-3.86995745140114,"<0.10"
"Canada","BF (BA.5.2.1)",0.265540067137807,-1.01736970260163,">0.20"
"Canada","BF.10",0.0487148304475517,-2.9718303700532,"<0.10"
"Canada","BF.7",0.0885156245549224,-2.33189536731239,"0.10–0.20"
"Canada","BG (BA.2.12.1)",0.44561956022338,-0.21838558144338,">0.20"
"Canada","BQ.1",0.132269177600874,-1.88104248368215,"0.10–0.20"
"Canada","BQ.1.1",0.532607213986127,0.130614230438429,">0.20"
"Canada","C57 (B.1.1.157)",0.388860544217687,-0.452104393810387,">0.20"
"Canada","C76 (B.1.1.176)",0.14271224376038,-1.79294331230838,"0.10–0.20"
"Canada","D (B.1.1.25)",0.0454236318531328,-3.04523515348016,"<0.10"
"Canada","EG.5.1",0.213568656689285,-1.30354706676816,">0.20"
"Canada","EG.5.1.1",0.162503229448864,-1.63971953252966,"0.10–0.20"
"Canada","FL.1.5.1",0.0723995539986479,-2.55040094706039,"0.10–0.20"
"Canada","HK.3",0.0956829359586459,-2.24614005854015,"0.10–0.20"
"Canada","HV.1",0.397054321651083,-0.41775400533023,">0.20"
"Canada","JD.1",0.0435699596137421,-3.08883973174606,"<0.10"
"Canada","JF (XBB.1.16.6)",0.064514582309834,-2.67417427730306,"0.10–0.20"
"Canada","JG.3",0.100061658082017,-2.19653967519703,"0.10–0.20"
"Canada","JN.1",0.631641079932643,0.539263532207763,">0.20"
"Canada","JN.1.4",0.243586315256517,-1.13311707141088,">0.20"
"Canada","L.1",0.139498447091084,-1.81946195107288,"0.10–0.20"
"Canada","P.1.14",0.261987169651753,-1.03566567797792,">0.20"
"Canada","Q (B.1.1.7)",0.603276327662681,0.419135347704151,">0.20"
"Canada","QB.1.147 (B.1.147)",0.3476409377098,-0.629424960451751,">0.20"
"Canada","XBB",0.00718884104949109,-4.92801050418666,"<0.10"
"Canada","XBB.1.16",0.181426935472492,-1.50670964592575,"0.10–0.20"
"Canada","XBB.1.5",0.710857524385817,0.899552460244933,">0.20"
"Denmark","AY.120.2.1",0.0507449199768587,-2.92886603678183,"0.10–0.20"
"Denmark","AY.121",0.0222697116546415,-3.78200631973099,"<0.10"
"Denmark","AY.125",0.0322614650135235,-3.40108845794526,"<0.10"
"Denmark","AY.126",0.0731358966716942,-2.53948764770367,"0.10–0.20"
"Denmark","AY.127",0.0291526255553532,-3.5056242927986,"<0.10"
"Denmark","AY.129",0.0431365612417403,-3.09928975786076,"<0.10"
"Denmark","AY.33",0.0889418923260577,-2.3266234184293,"0.10–0.20"
"Denmark","AY.36",0.0358657505320486,-3.29144773190132,"<0.10"
"Denmark","AY.4",0.0357692820821614,-3.29424111723457,"<0.10"
"Denmark","AY.4.15",0.0152962224030945,-4.16473496638397,"<0.10"
"Denmark","AY.4.2",0.0507119658777846,-2.92955036974073,"0.10–0.20"
"Denmark","AY.4.5",0.0144070755696997,-4.22552396889539,"<0.10"
"Denmark","AY.4.6",0.129695085057085,-1.90365743128994,"0.10–0.20"
"Denmark","AY.42",0.0444955098861368,-3.06685118025269,"<0.10"
"Denmark","AY.43",0.22113377160034,-1.25907148916063,">0.20"
"Denmark","AY.43.6",0.0662449035594512,-2.64585565996477,"0.10–0.20"
"Denmark","AY.46",0.0316827898600693,-3.41978610318773,"<0.10"
"Denmark","AY.46.6",0.028508779652108,-3.5286201337608,"<0.10"
"Denmark","AY.7.1",0.274442454836208,-0.972198784441573,">0.20"
"Denmark","AY.80",0.033154610042999,-3.37285682326264,"<0.10"
"Denmark","AY.9.2",0.0656427833359097,-2.65563115569673,"0.10–0.20"
"Denmark","AY.98.1",0.0276488598625671,-3.56013250201758,"<0.10"
"Denmark","BA.1 (BA.1)",0.489479587194776,-0.0420878629492374,">0.20"
"Denmark","BA.1.1 (BA.1.1)",0.143726030249061,-1.78468146337403,"0.10–0.20"
"Denmark","BA.2 (BA.2)",0.744053225182526,1.06714305950425,">0.20"
"Denmark","BA.2.9 (BA.2.9)",0.282943095596201,-0.929909400237309,">0.20"
"Denmark","BA.4 (BA.4)",0.0363884222254487,-3.2764376324756,"<0.10"
"Denmark","BA.4.1 (BA.4.1)",0.0410381458661038,-3.15134927624031,"<0.10"
"Denmark","BA.4.6 (BA.4.6)",0.0359746710409225,-3.28830246048978,"<0.10"
"Denmark","BA.5 (BA.5)",0.0599346016714092,-2.75269544990668,"0.10–0.20"
"Denmark","BA.5.1 (BA.5.1)",0.355549147243758,-0.594735075168705,">0.20"
"Denmark","BA.5.1.34 (BA.5.1.34)",0.0478777021979651,-2.99004360193301,"<0.10"
"Denmark","BA.5.11 (BA.5.11)",0.0675436927375553,-2.62504760665163,"0.10–0.20"
"Denmark","BA.5.2 (BA.5.2)",0.262994062543392,-1.03046449236509,">0.20"
"Denmark","BD (BA.1.17.2)",0.0931243459645137,-2.27606969135994,"0.10–0.20"
"Denmark","BE.1",0.0236348940996604,-3.72111241679775,"<0.10"
"Denmark","BE.1.1",0.0851549848088742,-2.37428172172698,"0.10–0.20"
"Denmark","BF (BA.5.2.1)",0.167769622933351,-1.60151755174704,"0.10–0.20"
"Denmark","BF.5",0.0402773751486886,-3.17085440966619,"<0.10"
"Denmark","BF.7",0.197164964722636,-1.40410849461574,"0.10–0.20"
"Denmark","BG (BA.2.12.1)",0.128740192129374,-1.91214386024544,"0.10–0.20"
"Denmark","BN.1",0.028847394368345,-3.51646394695833,"<0.10"
"Denmark","BN.1.2",0.0282132056477602,-3.53934627931179,"<0.10"
"Denmark","BN.1.3.1",0.0416067874692588,-3.13699483097541,"<0.10"
"Denmark","BN.1.4.4",0.0370890947277968,-3.25663790587157,"<0.10"
"Denmark","BQ.1",0.064316554223678,-2.67746016927591,"0.10–0.20"
"Denmark","BQ.1.1",0.265136433360529,-1.01944032199285,">0.20"
"Denmark","BQ.1.1.20",0.172612601756534,-1.56722323604219,"0.10–0.20"
"Denmark","BQ.1.18",0.0281170000605653,-3.54286104901046,"<0.10"
"Denmark","CH.1.1",0.134119648863433,-1.86501443284024,"0.10–0.20"
"Denmark","CH.1.1.12",0.0800016865289368,-2.4423241207944,"0.10–0.20"
"Denmark","DH (BA.5.1.22)",0.0213732406011419,-3.82401062267649,"<0.10"
"Denmark","DS.3",0.0253535514374711,-3.64915597200016,"<0.10"
"Denmark","XAY.2",0.0565094479216771,-2.81517850703759,"0.10–0.20"
"Denmark","XBB.1",0.0404286950348675,-3.16694682141468,"<0.10"
"Denmark","XBF",0.0579978750833931,-2.78760115694187,"0.10–0.20"
"France","A",0.110503899590506,-2.08560431232404,"0.10–0.20"
"France","A.27",0.028198801318579,-3.5398717848289,"<0.10"
"France","AY (B.1.617.2)",0.223296874955566,-1.24655603498405,">0.20"
"France","AY.122",0.239192231728879,-1.15711317634107,">0.20"
"France","AY.125",0.0854739150530752,-2.37019474885393,"0.10–0.20"
"France","AY.126",0.0333944924062382,-3.36539946892984,"<0.10"
"France","AY.33",0.0577054109248126,-2.79296700696631,"0.10–0.20"
"France","AY.34",0.048628649957544,-2.97369160755675,"<0.10"
"France","AY.4",0.142169676351305,-1.79738507379184,"0.10–0.20"
"France","AY.42",0.126135720628686,-1.93556660174609,"0.10–0.20"
"France","AY.43",0.415945764597696,-0.339438969157083,">0.20"
"France","AY.5",0.0736178051874543,-2.53239997208698,"0.10–0.20"
"France","AY.9.2",0.0371091715495755,-3.25607588863611,"<0.10"
"France","AY.98.1",0.0734785826101576,-2.53444319121056,"0.10–0.20"
"France","B",0.0565091103511264,-2.81518483854547,"0.10–0.20"
"France","B.1.1",0.282630990472605,-0.931448239640542,">0.20"
"France","B.1.13",0.00762172225463815,-4.86910200114057,"<0.10"
"France","B.1.159",0.561904761904762,0.248896047416624,">0.20"
"France","B.1.160",0.719445514052637,0.941712844043376,">0.20"
"France","B.1.160.30",0.0483299306044628,-2.98016735897538,"<0.10"
"France","B.1.208",0.0491388044579534,-2.96271905808313,"<0.10"
"France","B.1.212",0.00616496598639456,-5.08268861173631,"<0.10"
"France","B.1.258",0.0827796995526437,-2.40516482695791,"0.10–0.20"
"France","B.1.273",0.0276616729366513,-3.55965601043603,"<0.10"
"France","B.1.351",0.112620304480037,-2.06425093438935,"0.10–0.20"
"France","B.1.351.2",0.0311092333718551,-3.43864720949168,"<0.10"
"France","B.1.356",0.0385515065331811,-3.21644581543221,"<0.10"
"France","B.1.387",0.0276479515709356,-3.56016628763723,"<0.10"
"France","B.1.529",0.0738095238095238,-2.5295921391333,"0.10–0.20"
"France","B.1.93",0.014172335600907,-4.24218968948608,"<0.10"
"France","B.40",0.0150612301945481,-4.18045557134527,"<0.10"
"France","BA.1 (BA.1)",0.142438520208713,-1.79518240353853,"0.10–0.20"
"France","BA.1.1 (BA.1.1)",0.326450240439206,-0.72428434101218,">0.20"
"France","BA.1.17 (BA.1.17)",0.0431802186150898,-3.09823256955476,"<0.10"
"France","BA.1.18 (BA.1.18)",0.166560802287345,-1.61020032971293,"0.10–0.20"
"France","BA.2 (BA.2)",0.853274902368854,1.76052102082813,">0.20"
"France","BA.2.9 (BA.2.9)",0.0830784573680416,-2.40123647904712,"0.10–0.20"
"France","BA.2.9.3 (BA.2.9.3)",0.0298474507635844,-3.48135389174954,"<0.10"
"France","BA.4 (BA.4)",0.0375201589554203,-3.24463476089257,"<0.10"
"France","BA.4.1 (BA.4.1)",0.0418471605060556,-3.1309833601113,"<0.10"
"France","BA.4.6 (BA.4.6)",0.0527879657363576,-2.88723972606733,"0.10–0.20"
"France","BA.5 (BA.5)",0.0670127052246296,-2.63350935151874,"0.10–0.20"
"France","BA.5.1 (BA.5.1)",0.371519504715442,-0.525703628414702,">0.20"
"France","BA.5.1.17 (BA.5.1.17)",0.0335951779912285,-3.35920027232501,"<0.10"
"France","BA.5.1.30 (BA.5.1.30)",0.023094396623014,-3.74480001084767,"<0.10"
"France","BA.5.2 (BA.5.2)",0.211168554318869,-1.31789601749709,">0.20"
"France","BA.5.2.2 (BA.5.2.2)",0.0341437987447051,-3.34243398235488,"<0.10"
"France","BC (BA.1.1.1)",0.245587530590008,-1.12228583632227,">0.20"
"France","BD (BA.1.17.2)",0.0332447359228595,-3.37004893914148,"<0.10"
"France","BE.1.1",0.0413855980765245,-3.14255596276431,"<0.10"
"France","BF (BA.5.2.1)",0.141020780630562,-1.80683747016055,"0.10–0.20"
"France","BF.5",0.030043629199702,-3.47460046009033,"<0.10"
"France","BF.7",0.124848268966477,-1.94729812649624,"0.10–0.20"
"France","BG (BA.2.12.1)",0.061377903693254,-2.72736304917478,"0.10–0.20"
"France","BN.1",0.0244173875222896,-3.68773936190392,"<0.10"
"France","BQ.1",0.0750813030057894,-2.51113427204168,"0.10–0.20"
"France","BQ.1.1",0.604698290183794,0.42508034407377,">0.20"
"France","BQ.1.1.18",0.0584354972859923,-2.77961932091379,"0.10–0.20"
"France","BQ.1.1.4",0.0798041496511804,-2.44501102445598,"0.10–0.20"
"France","BV (BA.5.2.20)",0.046760122093884,-3.01483583249629,"<0.10"
"France","D4 (B.1.1.254)",0.032312925170068,-3.39944145495989,"<0.10"
"France","DH (BA.5.1.22)",0.0398213630624745,-3.18271581864462,"<0.10"
"France","EG.1",0.137985751773137,-1.83212136798658,"0.10–0.20"
"France","EG.5.1",0.109187384652162,-2.09906856562744,"0.10–0.20"
"France","EG.5.1.1",0.138278265851795,-1.82966433020611,"0.10–0.20"
"France","EG.5.1.3",0.190490638365007,-1.44682528684528,"0.10–0.20"
"France","FL (XBB.1.9.1)",0.0577234832486333,-2.79263469427242,"0.10–0.20"
"France","FL.1.5",0.0817270543471464,-2.41910958323669,"0.10–0.20"
"France","GS.4.1",0.0941603183153997,-2.263863495076,"0.10–0.20"
"France","HK.3",0.0834650607930017,-2.39617207831072,"0.10–0.20"
"France","JD.1",0.0668866490878828,-2.63552730224849,"0.10–0.20"
"France","JG.3",0.127642111853464,-1.92196941523297,"0.10–0.20"
"France","JN.1",0.691343973486831,0.806410016730324,">0.20"
"France","JN.1.1",0.354366757525686,-0.599899191426819,">0.20"
"France","Q (B.1.1.7)",0.736522086749735,1.02796968046488,">0.20"
"France","QB.1.147 (B.1.147)",0.0213115827757485,-3.82696260830092,"<0.10"
"France","QB.1.177.81 (B.1.177.81)",0.0234860793692086,-3.72758112748983,"<0.10"
"France","XBB",0.00666651056497964,-5.00396987862199,"<0.10"
"France","XBB.1",0.0307211670759302,-3.45160042546257,"<0.10"
"France","XBB.1.16",0.209664673205157,-1.32694785947726,">0.20"
"France","XBB.1.5",0.528712640845912,0.114977059914157,">0.20"
"Germany","A",0.327272297808012,-0.720548105395509,">0.20"
"Germany","AK (B.1.1.232)",0.100340136054422,-2.19345098795258,"0.10–0.20"
"Germany","AP (B.1.1.70)",0.175850340136054,-1.5447188463081,"0.10–0.20"
"Germany","AS (B.1.1.317)",0.0274256986762377,-3.56846599323843,"<0.10"
"Germany","AY (B.1.617.2)",0.197835781444451,-1.39987604827804,"0.10–0.20"
"Germany","AY.121",0.0771273339318688,-2.48203352495166,"0.10–0.20"
"Germany","AY.122",0.259538000489124,-1.04837118582991,">0.20"
"Germany","AY.125",0.0364930360411836,-3.27345826660797,"<0.10"
"Germany","AY.126",0.0599664929953285,-2.75212956422549,"0.10–0.20"
"Germany","AY.129",0.037260557900324,-3.2518474680046,"<0.10"
"Germany","AY.33",0.0315020700532325,-3.42569308581602,"<0.10"
"Germany","AY.4",0.14190300510023,-1.79957337923406,"0.10–0.20"
"Germany","AY.42",0.090958653524093,-2.30198553242771,"0.10–0.20"
"Germany","AY.43",0.238258327117195,-1.16225199314679,">0.20"
"Germany","AY.46.6",0.0510076071927303,-2.92342600032585,"0.10–0.20"
"Germany","AY.9.2",0.0995120902868628,-2.20265759112932,"0.10–0.20"
"Germany","AY.98.1",0.0361941724948892,-3.28199172550341,"<0.10"
"Germany","B",0.104915760101872,-2.14376009322598,"0.10–0.20"
"Germany","B.1",0.713296832226144,0.911450226344713,">0.20"
"Germany","B.1.1",0.610544217687075,0.449600384934039,">0.20"
"Germany","B.1.160",0.127272727272727,-1.92529086185258,"0.10–0.20"
"Germany","B.1.221",0.159930398465287,-1.65874603637689,"0.10–0.20"
"Germany","B.1.258",0.165081761274143,-1.62089292831976,"0.10–0.20"
"Germany","B.1.329",0.722865800556073,0.958721726814072,">0.20"
"Germany","B.1.351",0.0259125474465547,-3.62677377783795,"<0.10"
"Germany","BA.1 (BA.1)",0.156096031203272,-1.68756730458447,"0.10–0.20"
"Germany","BA.1.1 (BA.1.1)",0.456095716974477,-0.176070587921079,">0.20"
"Germany","BA.1.15 (BA.1.15)",0.0383525805410426,-3.22182606089112,"<0.10"
"Germany","BA.1.17 (BA.1.17)",0.0439399872799994,-3.07999590842212,"<0.10"
"Germany","BA.1.18 (BA.1.18)",0.0848796582014308,-2.37782111026569,"0.10–0.20"
"Germany","BA.2 (BA.2)",0.776832584724374,1.24730263253557,">0.20"
"Germany","BA.2.9 (BA.2.9)",0.199134962624896,-1.39170964121339,"0.10–0.20"
"Germany","BA.4 (BA.4)",0.0374544844084919,-3.24645490729063,"<0.10"
"Germany","BA.4.1 (BA.4.1)",0.0399272853710572,-3.17994909193129,"<0.10"
"Germany","BA.5 (BA.5)",0.0412602886258765,-3.14571911841847,"<0.10"
"Germany","BA.5.1 (BA.5.1)",0.262671299252376,-1.0321303532805,">0.20"
"Germany","BA.5.1.3 (BA.5.1.3)",0.0404431859912529,-3.166573351578,"<0.10"
"Germany","BA.5.2 (BA.5.2)",0.275436954790697,-0.96721001372719,">0.20"
"Germany","BA.5.3 (BA.5.3)",0.0557032086008393,-2.83040276408538,"0.10–0.20"
"Germany","BA.5.9 (BA.5.9)",0.0334785181721595,-3.3627995402631,"<0.10"
"Germany","BC (BA.1.1.1)",0.0921026292819286,-2.28822785339503,"0.10–0.20"
"Germany","BD (BA.1.17.2)",0.0591117843153652,-2.76739403868579,"0.10–0.20"
"Germany","BE.1",0.0197098902886417,-3.90672800330383,"<0.10"
"Germany","BE.1.1",0.235879245870974,-1.17540582778025,">0.20"
"Germany","BE.1.1.2",0.026733714320671,-3.59473224214605,"<0.10"
"Germany","BF (BA.5.2.1)",0.137541607869168,-1.83586043271763,"0.10–0.20"
"Germany","BF.5",0.0321943610303472,-3.40323996699461,"<0.10"
"Germany","BF.7",0.210634721868373,-1.32110371984284,">0.20"
"Germany","BF.7.5",0.030142827454078,-3.47120181637336,"<0.10"
"Germany","BG (BA.2.12.1)",0.0579661818858414,-2.78818140470477,"0.10–0.20"
"Germany","BN.1",0.025101437136581,-3.65940832656057,"<0.10"
"Germany","BN.1.3",0.0555352597104422,-2.83360022550322,"0.10–0.20"
"Germany","BQ.1",0.0845745100502145,-2.38175605195803,"0.10–0.20"
"Germany","BQ.1.1",0.311918524284194,-0.791165241335603,">0.20"
"Germany","CH.1.1",0.105139750402563,-2.14137713894635,"0.10–0.20"
"Germany","DH (BA.5.1.22)",0.0242689107943844,-3.69399088504537,"<0.10"
"Germany","EG.5.1",0.597105723194573,0.393420001395833,">0.20"
"Germany","Q (B.1.1.7)",0.947260034925772,2.88820012488903,">0.20"
"Germany","QB.1.177.62 (B.1.177.62)",0.0421671638501694,-3.12303145986549,"<0.10"
"Germany","QB.1.177.81 (B.1.177.81)",0.0957958989842363,-2.24483523440587,"0.10–0.20"
"Germany","QB.1.177.86 (B.1.177.86)",0.113902615594887,-2.05148302509527,"0.10–0.20"
"Germany","XBB.1",0.0820288148704298,-2.41509541498378,"0.10–0.20"
"Germany","XBB.1.5",0.49524908521999,-0.0190042310646574,">0.20"
"Germany","XBB.1.9",0.19259768009768,-1.43321862760649,"0.10–0.20"
"India","A",0.0723093629343629,-2.55174469002965,"0.10–0.20"
"India","AE (B.1.1.306)",0.481648605158804,-0.0734385674557701,">0.20"
"India","AM (B.1.1.216)",0.141822433135343,-1.80023522823127,"0.10–0.20"
"India","AY (B.1.617.2)",0.874481460605862,1.94117762232287,">0.20"
"India","AY.106",0.0645528609554749,-2.67354020070173,"0.10–0.20"
"India","AY.112",0.0466904784617294,-3.01639938086857,"<0.10"
"India","AY.112.2",0.0748168801061508,-2.51494815598312,"0.10–0.20"
"India","AY.120",0.0327271222043645,-3.38627648638292,"<0.10"
"India","AY.122",0.0504531288131182,-2.93494013013048,"0.10–0.20"
"India","AY.127",0.168562871765049,-1.59584687690852,"0.10–0.20"
"India","B",0.17536555339487,-1.54806752131851,"0.10–0.20"
"India","B.1",0.253450887640103,-1.08029133784061,">0.20"
"India","B.1.1",0.217901137374403,-1.27793969370442,">0.20"
"India","B.1.1.326",0.191882993013375,-1.43782108379155,"0.10–0.20"
"India","B.1.1.354",0.127292385670475,-1.92511388943955,"0.10–0.20"
"India","B.1.1.46",0.0673949118172106,-2.62741231752822,"0.10–0.20"
"India","B.1.1.526",0.0384464102638496,-3.21928496858571,"<0.10"
"India","B.1.1.529",0.0306944188604029,-3.45249907740118,"<0.10"
"India","B.1.143",0.0182823129251701,-3.98336969366093,"<0.10"
"India","B.1.210",0.180476485060427,-1.51312259941162,"0.10–0.20"
"India","B.1.247",0.0426931058011403,-3.11008657308705,"<0.10"
"India","B.1.36",0.437700037276138,-0.250501619645379,">0.20"
"India","B.1.36.29",0.284995959123927,-0.919813192597366,">0.20"
"India","B.1.36.8",0.0986350008180981,-2.21248410361603,"0.10–0.20"
"India","B.1.560",0.184833140742401,-1.48393935141986,"0.10–0.20"
"India","B.1.617",0.194831996849239,-1.41891332261703,"0.10–0.20"
"India","B.1.617.1",0.200017971131907,-1.38618204532993,">0.20"
"India","B.6",0.19578068543305,-1.41287693042929,"0.10–0.20"
"India","BA.1 (BA.1)",0.105605679084901,-2.13643460373851,"0.10–0.20"
"India","BA.1.1 (BA.1.1)",0.154616070622704,-1.69884579801718,"0.10–0.20"
"India","BA.1.1.7 (BA.1.1.7)",0.0384687896357632,-3.21867977085838,"<0.10"
"India","BA.1.18 (BA.1.18)",0.0472974075472896,-3.00284729460233,"<0.10"
"India","BA.2 (BA.2)",0.742319043141562,1.05805690965797,">0.20"
"India","BA.2.10 (BA.2.10)",0.481099670185916,-0.0756373588123564,">0.20"
"India","BA.2.38 (BA.2.38)",0.448891756967203,-0.205149455312914,">0.20"
"India","BA.2.38.1 (BA.2.38.1)",0.0537364897875239,-2.868428799662,"0.10–0.20"
"India","BA.2.38.2 (BA.2.38.2)",0.0476094229246323,-2.9959445184435,"<0.10"
"India","BA.2.38.4 (BA.2.38.4)",0.0308555498875135,-3.44709703882374,"<0.10"
"India","BA.2.74 (BA.2.74)",0.134594574529236,-1.86093098879807,"0.10–0.20"
"India","BA.2.75 (BA.2.75)",0.234439660357901,-1.18340979295227,">0.20"
"India","BA.2.76 (BA.2.76)",0.256118758788119,-1.06624016163849,">0.20"
"India","BA.5.2 (BA.5.2)",0.152724992942318,-1.71338645328684,"0.10–0.20"
"India","BF (BA.5.2.1)",0.0625163696448867,-2.7077708599706,"0.10–0.20"
"India","BF.3",0.0679058562508199,-2.61931154317395,"0.10–0.20"
"India","BJ (BA.2.10.1)",0.0603241912186829,-2.74580172714838,"0.10–0.20"
"India","BL (BA.2.75.1)",0.18975263757943,-1.45161827028418,"0.10–0.20"
"India","BL.1",0.0971803280480438,-2.22895452999296,"0.10–0.20"
"India","BM (BA.2.75.3)",0.0487996060525566,-2.97000251940185,"<0.10"
"India","BM.1",0.0639515550770755,-2.68354138772829,"0.10–0.20"
"India","BM.1.1.3",0.0928675402061518,-2.27911430210426,"0.10–0.20"
"India","BN (BA.2.75.5)",0.0705935145064065,-2.5776079170135,"0.10–0.20"
"India","BQ.1",0.17498790891648,-1.55068116245536,"0.10–0.20"
"India","CA (BA.2.75.2)",0.169787471784213,-1.58713423713903,"0.10–0.20"
"India","FU (XBB.1.16.1)",0.167424182272089,-1.60399368441403,"0.10–0.20"
"India","FU1 (XBB.1.16.11)",0.226793444650588,-1.22650655772607,">0.20"
"India","GJ.1.1",0.0622874149659864,-2.71168409108787,"0.10–0.20"
"India","GY (XBB.1.16.2)",0.21156462585034,-1.31551993116052,">0.20"
"India","GZ (XBB.2.3.4)",0.0406078986778658,-3.1623372596976,"<0.10"
"India","HH (XBB.2.3.2)",0.196428571428571,-1.40876721697195,"0.10–0.20"
"India","Q (B.1.1.7)",0.276094651199188,-0.963916904084322,">0.20"
"India","XBB",0.387351872473179,-0.458457242913885,">0.20"
"India","XBB.1",0.257382107176909,-1.05961985722723,">0.20"
"India","XBB.1.16",0.543470969602686,0.174323999904767,">0.20"
"India","XBB.1.5",0.285912698412698,-0.915318712079509,">0.20"
"India","XBB.2",0.242582483460898,-1.13857285187058,">0.20"
"India","XBB.2.3",0.639880952380952,0.574847482530922,">0.20"
"Italy","AY (B.1.617.2)",0.155751603912196,-1.69018430385055,"0.10–0.20"
"Italy","AY.122",0.18795471989839,-1.46335502006264,"0.10–0.20"
"Italy","AY.125",0.0586860691584381,-2.775074322036,"0.10–0.20"
"Italy","AY.4",0.217729366489862,-1.27894790588483,">0.20"
"Italy","AY.42",0.060682949151802,-2.73949031454395,"0.10–0.20"
"Italy","AY.43",0.308878677494641,-0.805366813285714,">0.20"
"Italy","AY.46.6",0.0974111042669713,-2.22632697378551,"0.10–0.20"
"Italy","AY.61",0.119710916600357,-1.99517054931559,"0.10–0.20"
"Italy","AY.7.2",0.0531121424578521,-2.88077509389876,"0.10–0.20"
"Italy","AY.9.2",0.0250101340925014,-3.66314597057222,"<0.10"
"Italy","AY.98.1",0.0615199543001133,-2.72490001154201,"0.10–0.20"
"Italy","B.1",0.235095704948646,-1.17975803515335,">0.20"
"Italy","B.1.1",0.723214285714286,0.960461950187293,">0.20"
"Italy","B.1.1.372",0.107967429396001,-2.11167304407016,"0.10–0.20"
"Italy","B.1.1.61",0.0197561919504644,-3.90433436575678,"<0.10"
"Italy","B.1.160",0.11276712615496,-2.06278262703484,"0.10–0.20"
"Italy","B.1.258",0.104467798255735,-2.14853930711378,"0.10–0.20"
"Italy","B.1.258.14",0.135361057290852,-1.85436630573827,"0.10–0.20"
"Italy","BA.1 (BA.1)",0.182889186157853,-1.49689429141317,"0.10–0.20"
"Italy","BA.1.1 (BA.1.1)",0.430354842166003,-0.280403554135471,">0.20"
"Italy","BA.1.15 (BA.1.15)",0.0553288384494855,-2.83754262619216,"0.10–0.20"
"Italy","BA.1.17 (BA.1.17)",0.0847619478860745,-2.37933748335201,"0.10–0.20"
"Italy","BA.1.21 (BA.1.21)",0.02019591325267,-3.88187237048272,"<0.10"
"Italy","BA.1.21.1 (BA.1.21.1)",0.0550171556188043,-2.84352171629765,"0.10–0.20"
"Italy","BA.2 (BA.2)",0.766659655183152,1.18954487265514,">0.20"
"Italy","BA.2.3.15 (BA.2.3.15)",0.0455297107701047,-3.04279141881644,"<0.10"
"Italy","BA.2.52 (BA.2.52)",0.0330708418182662,-3.37547325107465,"<0.10"
"Italy","BA.2.9 (BA.2.9)",0.173001100823894,-1.5645054062963,"0.10–0.20"
"Italy","BA.4 (BA.4)",0.111895641950065,-2.07152258778753,"0.10–0.20"
"Italy","BA.4.1 (BA.4.1)",0.0390623115353103,-3.20275146377185,"<0.10"
"Italy","BA.5 (BA.5)",0.0814351173367124,-2.42300594508001,"0.10–0.20"
"Italy","BA.5.1 (BA.5.1)",0.368047207443266,-0.540603484997954,">0.20"
"Italy","BA.5.2 (BA.5.2)",0.295508763161277,-0.868777400648953,">0.20"
"Italy","BC (BA.1.1.1)",0.069914853202956,-2.58799801881167,"0.10–0.20"
"Italy","BC1 (BA.1.1.11)",0.0228235629563443,-3.75687376106365,"<0.10"
"Italy","BD (BA.1.17.2)",0.232919977326552,-1.19189617833889,">0.20"
"Italy","BE.1",0.0508369829307857,-2.92695646142954,"0.10–0.20"
"Italy","BE.1.1",0.0519219698608709,-2.90469479715541,"0.10–0.20"
"Italy","BE.1.1.1",0.0389535853892119,-3.20565188689498,"<0.10"
"Italy","BF (BA.5.2.1)",0.176964298161974,-1.53705157292629,"0.10–0.20"
"Italy","BF.7",0.158978847137839,-1.6658456551914,"0.10–0.20"
"Italy","BG (BA.2.12.1)",0.0408084579496849,-3.15720142334784,"<0.10"
"Italy","BK (BA.5.1.10)",0.0763798301167277,-2.4925822579641,"0.10–0.20"
"Italy","BN.1",0.021279370897318,-3.82850813733462,"<0.10"
"Italy","BQ.1",0.0827872720834349,-2.40506509703733,"0.10–0.20"
"Italy","BQ.1.1",0.517958617636197,0.0718653844432104,">0.20"
"Italy","BQ.1.1.18",0.0294254161380923,-3.49602945524414,"<0.10"
"Italy","BQ.1.1.47",0.0501583101344936,-2.94111112220794,"0.10–0.20"
"Italy","C (B.1.1.1)",0.0714285714285715,-2.56494935746154,"0.10–0.20"
"Italy","C.18",0.123162591577906,-1.96281621479682,"0.10–0.20"
"Italy","C61 (B.1.1.161)",0.0356102790578597,-3.2988611539881,"<0.10"
"Italy","C87 (B.1.1.187)",0.469911041339613,-0.120501435946484,">0.20"
"Italy","CH.1",0.0501198870988206,-2.94191790227693,"0.10–0.20"
"Italy","D (B.1.1.25)",0.140692640692641,-1.80954901079155,"0.10–0.20"
"Italy","EG.1",0.177227342446481,-1.53524659723842,"0.10–0.20"
"Italy","EG.5.1",0.185653840483562,-1.47850166590067,"0.10–0.20"
"Italy","EG.5.1.1",0.137811429171768,-1.83358771097202,"0.10–0.20"
"Italy","EG.5.1.3",0.0948916925005278,-2.25531845105987,"0.10–0.20"
"Italy","FL (XBB.1.9.1)",0.111323153632742,-2.0772964013401,"0.10–0.20"
"Italy","FL.1",0.0317272839961459,-3.4183367744233,"<0.10"
"Italy","HK.3",0.129884191814919,-1.90198309441046,"0.10–0.20"
"Italy","HV.1",0.10684389405115,-2.12339254121198,"0.10–0.20"
"Italy","JG.3",0.151101427662065,-1.7259883942712,"0.10–0.20"
"Italy","JN.1",0.284593539656706,-0.921788871509709,">0.20"
"Italy","P.1.1",0.135613636641222,-1.85220991301165,"0.10–0.20"
"Italy","Q (B.1.1.7)",0.835834451452775,1.62755520785623,">0.20"
"Italy","Q.2",0.0765508491980248,-2.49016052130928,"0.10–0.20"
"Italy","QB.1.177.33 (B.1.177.33)",0.178105423987777,-1.52923648924064,"0.10–0.20"
"Italy","QB.1.177.75 (B.1.177.75)",0.13257653146941,-1.87836721253786,"0.10–0.20"
"Italy","QB.1.177.83 (B.1.177.83)",0.131455309396486,-1.88815210022976,"0.10–0.20"
"Italy","XBB",0.00733432885328378,-4.90782801350382,"<0.10"
"Italy","XBB.1",0.0662087912087912,-2.64643961620546,"0.10–0.20"
"Italy","XBB.1.16",0.248468124091742,-1.10679906063544,">0.20"
"Italy","XBB.1.33",0.098264244890892,-2.21666129631187,"0.10–0.20"
"Italy","XBB.1.5",0.475196691344197,-0.0992947368486112,">0.20"
"Italy","XBF",0.0595048479515703,-2.76034870666428,"0.10–0.20"
"Japan","AV (B.1.1.482)",0.069047619047619,-2.60141172999889,"0.10–0.20"
"Japan","AY.29",0.912194833670512,2.34073325973716,">0.20"
"Japan","AY.29.1",0.120150730548799,-1.99100356561654,"0.10–0.20"
"Japan","AY.29.2",0.304526601376031,-0.825834318612227,">0.20"
"Japan","B.1",0.189623742495301,-1.45245684913812,"0.10–0.20"
"Japan","B.1.1.214",0.805158104095028,1.41885022127195,">0.20"
"Japan","B.1.1.48",0.169945600039863,-1.5860128546896,"0.10–0.20"
"Japan","B.6",0.0239795918367347,-3.70628036773019,"<0.10"
"Japan","BA.1 (BA.1)",0.0690316028278915,-2.60166091992538,"0.10–0.20"
"Japan","BA.1.1 (BA.1.1)",0.189625820784537,-1.45244332452835,"0.10–0.20"
"Japan","BA.1.1.2 (BA.1.1.2)",0.70719029286697,0.881776850765224,">0.20"
"Japan","BA.1.15 (BA.1.15)",0.0699874347373159,-2.58688237490717,"0.10–0.20"
"Japan","BA.2 (BA.2)",0.218249366842919,-1.27589751260821,">0.20"
"Japan","BA.2.10 (BA.2.10)",0.104491111461782,-2.14829013722873,"0.10–0.20"
"Japan","BA.2.24 (BA.2.24)",0.130273818647386,-1.89853989542304,"0.10–0.20"
"Japan","BA.2.29 (BA.2.29)",0.131369529007414,-1.88890361582835,"0.10–0.20"
"Japan","BA.2.3 (BA.2.3)",0.133973735897469,-1.86627145619042,"0.10–0.20"
"Japan","BA.2.3.1 (BA.2.3.1)",0.210471752361057,-1.32208416114703,">0.20"
"Japan","BA.2.3.13 (BA.2.3.13)",0.0942804242519894,-2.2624561611173,"0.10–0.20"
"Japan","BA.5 (BA.5)",0.0261449156899169,-3.61760776557384,"<0.10"
"Japan","BA.5.1 (BA.5.1)",0.0997785620932822,-2.19968742362131,"0.10–0.20"
"Japan","BA.5.2 (BA.5.2)",0.351307903118981,-0.613295121334979,">0.20"
"Japan","BC.1",0.140049880926304,-1.81487573500532,"0.10–0.20"
"Japan","BE.1.1",0.0267592921007989,-3.59374965767087,"<0.10"
"Japan","BF (BA.5.2.1)",0.207081562678976,-1.34260762476726,">0.20"
"Japan","BF.11",0.0364858232684316,-3.27366341999527,"<0.10"
"Japan","BF.21",0.0293401109275041,-3.49902058474463,"<0.10"
"Japan","BF.5",0.320881587711129,-0.749723335092299,">0.20"
"Japan","BF.7",0.0926919324484826,-2.28120060777822,"0.10–0.20"
"Japan","BF.7.15",0.085812934168627,-2.36586547470555,"0.10–0.20"
"Japan","BF.7.4.1",0.0630242637129668,-2.69913759625271,"0.10–0.20"
"Japan","BF2 (BA.5.2.12)",0.0363994155382423,-3.27612415940825,"<0.10"
"Japan","BG (BA.2.12.1)",0.0418202382986204,-3.13165501088095,"<0.10"
"Japan","BN.1.2",0.0726976465636816,-2.54597066362122,"0.10–0.20"
"Japan","BN.1.3",0.0867791004086852,-2.35361198652633,"0.10–0.20"
"Japan","BQ.1",0.0277455809277708,-3.55654093656172,"<0.10"
"Japan","BQ.1.1",0.124389995507431,-1.95149903634927,"0.10–0.20"
"Japan","CP (BA.5.2.6)",0.0593694356244078,-2.76277092137123,"0.10–0.20"
"Japan","ED.1",0.0538105283461057,-2.86697369396998,"0.10–0.20"
"Japan","EG.5.1",0.198010018384994,-1.39877848871811,"0.10–0.20"
"Japan","EG.5.1.1",0.189773567372748,-1.45148214426285,"0.10–0.20"
"Japan","GK.1.1",0.114533267847645,-2.0452495572737,"0.10–0.20"
"Japan","HK.3",0.29318834896207,-0.879948992804328,">0.20"
"Japan","JN.1",0.500494330212714,0.00197732149509896,">0.20"
"Japan","P3 (B.1.1.283)",0.0254775934142757,-3.64414813533398,"<0.10"
"Japan","P4 (B.1.1.284)",0.853423225491341,1.76170623636382,">0.20"
"Japan","P5 (B.1.1.285)",0.0492131487361768,-2.96112906773263,"<0.10"
"Japan","Q (B.1.1.7)",0.929418068986234,2.57778448092917,">0.20"
"Japan","R.1",0.459139509197532,-0.163807267281558,">0.20"
"Japan","XBB.1",0.0164717913946154,-4.08949701386992,"<0.10"
"Japan","XBB.1.16",0.263792210055384,-1.02635069206725,">0.20"
"Japan","XBB.1.5",0.225018124781392,-1.23665868872113,">0.20"
"South Korea","AY (B.1.617.2)",0.3978246331879,-0.414537421832061,">0.20"
"South Korea","AY.122",0.066207884147126,-2.64645428769259,"0.10–0.20"
"South Korea","AY.122.5",0.453354843663403,-0.187124745017399,">0.20"
"South Korea","AY.69",0.606302524697898,0.431796291992082,">0.20"
"South Korea","B.1",0.0226854910040304,-3.76308295591709,"<0.10"
"South Korea","B.1.429",0.0284345819710943,-3.53130252424705,"<0.10"
"South Korea","B.1.466",0.0116841660419421,-4.43776772118492,"<0.10"
"South Korea","B.1.619.1",0.460692425221274,-0.157555417903084,">0.20"
"South Korea","B.1.620",0.13296767629217,-1.87497019504556,"0.10–0.20"
"South Korea","BA.1 (BA.1)",0.0554655019570091,-2.83493097033833,"0.10–0.20"
"South Korea","BA.1.1 (BA.1.1)",0.6399927670565,0.575332752057589,">0.20"
"South Korea","BA.1.1.5 (BA.1.1.5)",0.0644192001968769,-2.67575578432004,"0.10–0.20"
"South Korea","BA.2 (BA.2)",0.192354590883125,-1.43478261584041,"0.10–0.20"
"South Korea","BA.2.10 (BA.2.10)",0.033634986255285,-3.35797484102614,"<0.10"
"South Korea","BA.2.3 (BA.2.3)",0.332460812000905,-0.697076102657857,">0.20"
"South Korea","BA.2.3.12 (BA.2.3.12)",0.0533337920230745,-2.87637643099423,"0.10–0.20"
"South Korea","BA.2.3.14 (BA.2.3.14)",0.0461865969674513,-3.02777841094339,"<0.10"
"South Korea","BA.2.68 (BA.2.68)",0.0635453567931535,-2.69034715734175,"0.10–0.20"
"South Korea","BA.5 (BA.5)",0.0172673993969885,-4.0415167635244,"<0.10"
"South Korea","BA.5.1 (BA.5.1)",0.0658757695261033,-2.65183875005264,"0.10–0.20"
"South Korea","BA.5.2 (BA.5.2)",0.387168418544762,-0.459230365015519,">0.20"
"South Korea","BA.5.5 (BA.5.5)",0.0377807988679478,-3.23744127740376,"<0.10"
"South Korea","BF (BA.5.2.1)",0.244349556356263,-1.12897908501127,">0.20"
"South Korea","BF.5",0.0368393166955486,-3.26365459157291,"<0.10"
"South Korea","BF9 (BA.5.2.19)",0.0302842851995807,-3.46637401331941,"<0.10"
"South Korea","BG (BA.2.12.1)",0.0351295843232215,-3.31295017437153,"<0.10"
"South Korea","BN.1",0.0548995261373117,-2.84578652629025,"0.10–0.20"
"South Korea","BN.1.2",0.181926127800671,-1.50335192736177,"0.10–0.20"
"South Korea","BN.1.2.5",0.0497642078716713,-2.94941414784476,"<0.10"
"South Korea","BN.1.3",0.171244404834933,-1.57683348869585,"0.10–0.20"
"South Korea","BN.1.3.5",0.0392548082068253,-3.19763528598316,"<0.10"
"South Korea","BQ.1",0.084083960926796,-2.38810886558883,"0.10–0.20"
"South Korea","CH.1.1",0.0542822230446452,-2.85774740225205,"0.10–0.20"
"South Korea","CJ.1.3",0.0547477030658377,-2.84871645806223,"0.10–0.20"
"South Korea","EG.1",0.0621147263203014,-2.7146445323762,"0.10–0.20"
"South Korea","EG.1.6",0.0602565252718555,-2.7469960690212,"0.10–0.20"
"South Korea","EG.5.1",0.199111257285713,-1.39185828910226,"0.10–0.20"
"South Korea","EG.5.1.1",0.228547006378234,-1.21653383502574,">0.20"
"South Korea","FL.10",0.0702234943676397,-2.5832613081009,"0.10–0.20"
"South Korea","HF.1",0.0638692519707623,-2.68491709902896,"0.10–0.20"
"South Korea","HG (XBB.2.3.8)",0.0709326297871317,-2.57245070491536,"0.10–0.20"
"South Korea","HK.3",0.606179990119639,0.431282978162767,">0.20"
"South Korea","JN.1",0.545838826469068,0.183871599732402,">0.20"
"South Korea","Q (B.1.1.7)",0.152608556977137,-1.71428654838827,"0.10–0.20"
"South Korea","XBB",0.0175108799399921,-4.0272668713478,"<0.10"
"South Korea","XBB.1.16",0.13214702627601,-1.88210717704621,"0.10–0.20"
"South Korea","XBB.1.5",0.205452430003631,-1.35255833534205,">0.20"
"South Korea","XBB.1.9",0.062300925792112,-2.71145279521462,"0.10–0.20"
"Spain","A.5",0.125823085644514,-1.93840593622455,"0.10–0.20"
"Spain","AY (B.1.617.2)",0.0715363144696728,-2.56332605368311,"0.10–0.20"
"Spain","AY.122",0.0735103632273387,-2.53397646774218,"0.10–0.20"
"Spain","AY.124",0.0383180179795001,-3.2227635871,"<0.10"
"Spain","AY.125",0.0361169174218175,-3.28420862141169,"<0.10"
"Spain","AY.127",0.03571218274474,-3.29589793174022,"<0.10"
"Spain","AY.33",0.0712224682012436,-2.56806090625918,"0.10–0.20"
"Spain","AY.4",0.223039182736964,-1.24804245749716,">0.20"
"Spain","AY.42",0.177138014743989,-1.53585931642956,"0.10–0.20"
"Spain","AY.43",0.466691624273174,-0.133431116862041,">0.20"
"Spain","AY.5",0.0548823429162206,-2.84611775046575,"0.10–0.20"
"Spain","AY.53",0.118836965912926,-2.00349014512168,"0.10–0.20"
"Spain","AY.9.2",0.0886360918588764,-2.33040314559884,"0.10–0.20"
"Spain","AY.98.1",0.03915812200624,-3.20020199683131,"<0.10"
"Spain","B.1",0.0576675269005336,-2.79366393307996,"0.10–0.20"
"Spain","B.1.1",0.487895520780523,-0.0484273790275008,">0.20"
"Spain","B.1.160",0.0335534077596285,-3.36048760736093,"<0.10"
"Spain","B.1.182",0.0857896975495779,-2.36616171109123,"0.10–0.20"
"Spain","B.1.223",0.073469387755102,-2.53457825958524,"0.10–0.20"
"Spain","B.1.258",0.069348451256346,-2.59674111666464,"0.10–0.20"
"Spain","B.1.351.5",0.0962719281918093,-2.23935173703013,"0.10–0.20"
"Spain","B.1.356",0.0453586761801528,-3.04673421852926,"<0.10"
"Spain","B.1.542",0.0654013832253549,-2.65957374177239,"0.10–0.20"
"Spain","B.1.575.1",0.0229925603185981,-3.74932356764163,"<0.10"
"Spain","B.1.600",0.307256235827664,-0.812978138291894,">0.20"
"Spain","BA.1 (BA.1)",0.104884170178616,-2.14409652860238,"0.10–0.20"
"Spain","BA.1.1 (BA.1.1)",0.240709519320193,-1.14879352668069,">0.20"
"Spain","BA.1.17 (BA.1.17)",0.493711486037688,-0.0251553822783355,">0.20"
"Spain","BA.1.18 (BA.1.18)",0.0237409898821818,-3.71652484530679,"<0.10"
"Spain","BA.2 (BA.2)",0.679318758975909,0.750642859828762,">0.20"
"Spain","BA.2.3 (BA.2.3)",0.0912390473716827,-2.29859912473081,"0.10–0.20"
"Spain","BA.2.56 (BA.2.56)",0.0345735591054461,-3.32948070916976,"<0.10"
"Spain","BA.2.9 (BA.2.9)",0.205828070462081,-1.35025876284671,">0.20"
"Spain","BA.4 (BA.4)",0.0648309452978841,-2.66894427985272,"0.10–0.20"
"Spain","BA.4.1 (BA.4.1)",0.0205606089720495,-3.8636032985987,"<0.10"
"Spain","BA.5 (BA.5)",0.0461824501986178,-3.02787254548088,"<0.10"
"Spain","BA.5.1 (BA.5.1)",0.422717352626118,-0.311628244766193,">0.20"
"Spain","BA.5.1.3 (BA.5.1.3)",0.0261587259544755,-3.61706550401338,"<0.10"
"Spain","BA.5.1.30 (BA.5.1.30)",0.0313102604664595,-3.43199852012229,"<0.10"
"Spain","BA.5.2 (BA.5.2)",0.204380096404537,-1.35914008587864,">0.20"
"Spain","BC (BA.1.1.1)",0.178745669500773,-1.52486888813179,"0.10–0.20"
"Spain","BC4 (BA.1.1.14)",0.0513201479729877,-2.91698796563605,"0.10–0.20"
"Spain","BD (BA.1.17.2)",0.0290231243267196,-3.51020975023112,"<0.10"
"Spain","BE.1",0.0287391195844331,-3.52033585772992,"<0.10"
"Spain","BE.1.1",0.0597038453087325,-2.75679845497002,"0.10–0.20"
"Spain","BF (BA.5.2.1)",0.157715984582943,-1.67532141830166,"0.10–0.20"
"Spain","BF.1",0.0399514881892006,-3.17931789350877,"<0.10"
"Spain","BG (BA.2.12.1)",0.0342706050029294,-3.33859567582545,"<0.10"
"Spain","BQ.1",0.107369045207788,-2.11790131008407,"0.10–0.20"
"Spain","BQ.1.1",0.5496215356251,0.19914166308065,">0.20"
"Spain","BQ.1.1.15",0.0704992966494978,-2.57904483069331,"0.10–0.20"
"Spain","C (B.1.1.1)",0.162981859410431,-1.63620684094657,"0.10–0.20"
"Spain","DE (BA.5.1.23)",0.0959030570882997,-2.24359873311959,"0.10–0.20"
"Spain","DH (BA.5.1.22)",0.0408818798208555,-3.1553273087398,"<0.10"
"Spain","DV.7.1",0.117794334825178,-2.0134850307008,"0.10–0.20"
"Spain","EF.1",0.146420546316215,-1.76295569413552,"0.10–0.20"
"Spain","EG (XBB.1.9.2)",0.0502686668923955,-2.93879717893883,"0.10–0.20"
"Spain","EG.1",0.0751315364522719,-2.51041112907623,"0.10–0.20"
"Spain","EG.5.1",0.138525517129128,-1.8275908882538,"0.10–0.20"
"Spain","EG.5.1.1",0.0970331559107953,-2.23063310162189,"0.10–0.20"
"Spain","EG.5.1.3",0.126105342924294,-1.93584222612267,"0.10–0.20"
"Spain","FL (XBB.1.9.1)",0.0581753784080082,-2.7843568667723,"0.10–0.20"
"Spain","FL.1",0.0336642168499996,-3.35707591672381,"<0.10"
"Spain","FU1 (XBB.1.16.11)",0.0726632918409697,-2.54648039260168,"0.10–0.20"
"Spain","HK.3",0.10291757029643,-2.16521937326874,"0.10–0.20"
"Spain","JD.1.1",0.135365159828416,-1.85433125327963,"0.10–0.20"
"Spain","JG.3",0.140665647839866,-1.8097722979346,"0.10–0.20"
"Spain","JK7 (XBB.1.5.37)",0.0593871523673982,-2.76245371553005,"0.10–0.20"
"Spain","JN.1",0.883352624406813,2.02456896894001,">0.20"
"Spain","P.1",0.069599794223645,-2.59285321159502,"0.10–0.20"
"Spain","Q (B.1.1.7)",0.874110789331632,1.93780488912309,">0.20"
"Spain","QB.1.157 (B.1.157)",0.0282738095238095,-3.53713815010999,"<0.10"
"Spain","QB.1.177 (B.1.177)",0.929458099862336,2.57839486652943,">0.20"
"Spain","QB.1.177.32 (B.1.177.32)",0.0773147487433202,-2.47940343398166,"0.10–0.20"
"Spain","XBB",0.0125607951971716,-4.3645344592108,"<0.10"
"Spain","XBB.1.16",0.132180989341561,-1.8818110650326,"0.10–0.20"
"Spain","XBB.1.5",0.536068655696178,0.144525665437592,">0.20"
"Spain","XBB.2.3",0.100640518384709,-2.19012787904039,"0.10–0.20"
"Sweden","A.15",0.0178571428571429,-4.00733318523247,"<0.10"
"Sweden","AY (B.1.617.2)",0.091378248747491,-2.29692142089772,"0.10–0.20"
"Sweden","AY.122",0.259855284791368,-1.04672084906972,">0.20"
"Sweden","AY.126",0.0917741006353118,-2.29216300584014,"0.10–0.20"
"Sweden","AY.127",0.0764090544090659,-2.49216807168638,"0.10–0.20"
"Sweden","AY.33",0.0594810938360874,-2.76077323938253,"0.10–0.20"
"Sweden","AY.4",0.21813322986629,-1.27657833306661,">0.20"
"Sweden","AY.43",0.210322934280671,-1.3229799524883,">0.20"
"Sweden","AY.46.6",0.0592179684348917,-2.76548646116378,"0.10–0.20"
"Sweden","AY.5",0.0410323556426122,-3.15149641788053,"<0.10"
"Sweden","AY.75",0.216563596404896,-1.28580563673619,">0.20"
"Sweden","AY.9.2",0.164676358865106,-1.62383715763681,"0.10–0.20"
"Sweden","B.1",0.28358843537415,-0.926730796870838,">0.20"
"Sweden","B.1.1",0.734126984126984,1.01566320568736,">0.20"
"Sweden","B.1.1.261",0.189285714285714,-1.45465810392928,"0.10–0.20"
"Sweden","B.1.1.438",0.0327380952380952,-3.38592990953137,"<0.10"
"Sweden","B.1.1.458",0.110064935064935,-2.09007798892234,"0.10–0.20"
"Sweden","B.1.1.90",0.0321428571428571,-3.40489424354348,"<0.10"
"Sweden","B.1.160",0.32807153164296,-0.716920220075578,">0.20"
"Sweden","B.1.221",0.0819564422199449,-2.41605692436512,"0.10–0.20"
"Sweden","B.1.258",0.233612652415973,-1.18802330539995,">0.20"
"Sweden","B.1.258.17",0.0205267272017157,-3.86528714751888,"<0.10"
"Sweden","B.1.342",0.0935374149659864,-2.27118823893337,"0.10–0.20"
"Sweden","B.1.351",0.0533181996769259,-2.87668529837442,"0.10–0.20"
"Sweden","B.1.555",0.105357142857143,-2.13906865717915,"0.10–0.20"
"Sweden","BA.1 (BA.1)",0.250932971842687,-1.09364261069227,">0.20"
"Sweden","BA.1.1 (BA.1.1)",0.235087973720008,-1.17980102854122,">0.20"
"Sweden","BA.1.13 (BA.1.13)",0.0434399027756101,-3.09196517975828,"<0.10"
"Sweden","BA.1.15 (BA.1.15)",0.0840903360425591,-2.38802608961524,"0.10–0.20"
"Sweden","BA.1.17 (BA.1.17)",0.0458985447078671,-3.0343366022073,"<0.10"
"Sweden","BA.1.18 (BA.1.18)",0.0713242779536443,-2.56652284285084,"0.10–0.20"
"Sweden","BA.2 (BA.2)",0.688397176011617,0.792636585260323,">0.20"
"Sweden","BA.2.65 (BA.2.65)",0.0407158310097888,-3.15957036389987,"<0.10"
"Sweden","BA.2.9 (BA.2.9)",0.305902746291184,-0.81934485685767,">0.20"
"Sweden","BA.4 (BA.4)",0.0563988007866327,-2.81725572279477,"0.10–0.20"
"Sweden","BA.4.1 (BA.4.1)",0.0540974470514777,-2.86135255887553,"0.10–0.20"
"Sweden","BA.5 (BA.5)",0.0571431308286163,-2.8033553011444,"0.10–0.20"
"Sweden","BA.5.1 (BA.5.1)",0.304187935940695,-0.827433880244206,">0.20"
"Sweden","BA.5.1.24 (BA.5.1.24)",0.0366006461809921,-3.27040212799636,"<0.10"
"Sweden","BA.5.1.30 (BA.5.1.30)",0.0428208055365638,-3.10696652482628,"<0.10"
"Sweden","BA.5.1.5 (BA.5.1.5)",0.0336380561873563,-3.35788039641472,"<0.10"
"Sweden","BA.5.2 (BA.5.2)",0.246496600404045,-1.11738532787287,">0.20"
"Sweden","BC (BA.1.1.1)",0.0249420743631353,-3.66594076920622,"<0.10"
"Sweden","BD (BA.1.17.2)",0.0730849174102731,-2.54023993953777,"0.10–0.20"
"Sweden","BE.1",0.0365344098735004,-3.27228222105161,"<0.10"
"Sweden","BE.1.1",0.076911262612714,-2.48507304637258,"0.10–0.20"
"Sweden","BF (BA.5.2.1)",0.155724975007748,-1.69038682986047,"0.10–0.20"
"Sweden","BF.26",0.0303282788750083,-3.46487700891644,"<0.10"
"Sweden","BF.5",0.0401891550056426,-3.17313904533359,"<0.10"
"Sweden","BF.7",0.166262801007852,-1.61234856846411,"0.10–0.20"
"Sweden","BG (BA.2.12.1)",0.109381327154663,-2.09707616798228,"0.10–0.20"
"Sweden","BN.1",0.0263884890483236,-3.60808447051376,"<0.10"
"Sweden","BQ.1",0.166848841833281,-1.60812682428108,"0.10–0.20"
"Sweden","BQ.1.1",0.362342454035823,-0.56521160715669,">0.20"
"Sweden","BQ.1.1.10",0.0541783118084201,-2.859773383774,"0.10–0.20"
"Sweden","BV (BA.5.2.20)",0.0310907587474779,-3.43926031658098,"<0.10"
"Sweden","BZ (BA.5.2.3)",0.0260832566816494,-3.62003221882459,"<0.10"
"Sweden","CH.1",0.0932800741094344,-2.27422709360225,"0.10–0.20"
"Sweden","CH.1.1.1",0.181597792512335,-1.50555960163074,"0.10–0.20"
"Sweden","DE (BA.5.1.23)",0.0396981065819864,-3.18594421392943,"<0.10"
"Sweden","DH (BA.5.1.22)",0.0212729733767334,-3.82881536338525,"<0.10"
"Sweden","EG.1",0.146939021377275,-1.75881335203067,"0.10–0.20"
"Sweden","EG.5.1",0.180202801382808,-1.51497409989252,"0.10–0.20"
"Sweden","EG.5.1.1",0.189510300768425,-1.45319525127989,"0.10–0.20"
"Sweden","EG.5.1.3",0.135153813683332,-1.85613818135607,"0.10–0.20"
"Sweden","G2 (B.1.258.22)",0.165963520071141,-1.61450913672554,"0.10–0.20"
"Sweden","HK.3",0.131666917496864,-1.88629999538469,"0.10–0.20"
"Sweden","HV.1",0.0962172607966154,-2.23998023103106,"0.10–0.20"
"Sweden","JG.3",0.0936912585924499,-2.26937512871667,"0.10–0.20"
"Sweden","JN.1",0.641236332589716,0.580734218898548,">0.20"
"Sweden","JN.1.4",0.277125850340136,-0.958763403779797,">0.20"
"Sweden","JN.2",0.184162946592184,-1.48839370055198,"0.10–0.20"
"Sweden","Q (B.1.1.7)",0.964018783684821,3.28811374630646,">0.20"
"Sweden","QB.1.177.21 (B.1.177.21)",0.05593820861678,-2.82594395701273,"0.10–0.20"
"Sweden","QB.1.177.35 (B.1.177.35)",0.0439387847219254,-3.08002453481631,"<0.10"
"Sweden","QB.1.177.82 (B.1.177.82)",0.148906710061753,-1.74320174357381,"0.10–0.20"
"Sweden","QB.1.177.86 (B.1.177.86)",0.059393760546056,-2.76233542343258,"0.10–0.20"
"Sweden","XBB",0.00855573617048039,-4.75256077726039,"<0.10"
"Sweden","XBB.1",0.0634591254156471,-2.69179716264739,"0.10–0.20"
"Sweden","XBB.1.16",0.186300929462694,-1.47422733877544,"0.10–0.20"
"Sweden","XBB.1.4.1",0.0589524079672874,-2.77026324055358,"0.10–0.20"
"Sweden","XBB.1.5",0.513629458006497,0.0545313411804157,">0.20"
"Sweden","XBB.1.9",0.120485811835071,-1.9878376942371,"0.10–0.20"
"Sweden","XBF",0.0657747149983455,-2.65348211970371,"0.10–0.20"
"United Kingdom","A",0.0573518596426532,-2.79948781581785,"0.10–0.20"
"United Kingdom","AD.2",0.141368636236445,-1.80396876401687,"0.10–0.20"
"United Kingdom","AY (B.1.617.2)",0.0571000620066732,-2.80415496411736,"0.10–0.20"
"United Kingdom","AY.120",0.0346426238034024,-3.3274135450807,"<0.10"
"United Kingdom","AY.4",0.7586648521682,1.14537349255192,">0.20"
"United Kingdom","AY.4.2",0.148795316089896,-1.74408097727311,"0.10–0.20"
"United Kingdom","AY.4.2.1",0.037780027689669,-3.2374624909801,"<0.10"
"United Kingdom","AY.4.2.2",0.0651205639709036,-2.66417719340745,"0.10–0.20"
"United Kingdom","AY.43",0.0548534768367876,-2.84667439363772,"0.10–0.20"
"United Kingdom","AY.46",0.0180822642623996,-3.9945759498092,"<0.10"
"United Kingdom","AY.5",0.0562791414980714,-2.81950644366907,"0.10–0.20"
"United Kingdom","AY.6",0.041679408424019,-3.13517516466546,"<0.10"
"United Kingdom","AY.9",0.0620864770034245,-2.71512954818243,"0.10–0.20"
"United Kingdom","AY.98",0.0474910888543048,-2.99855737211696,"<0.10"
"United Kingdom","B.1",0.144446066040256,-1.7788429426491,"0.10–0.20"
"United Kingdom","B.1.1",0.412954286392298,-0.351765793336625,">0.20"
"United Kingdom","B.1.1.301",0.05742095403698,-2.79821049458221,"0.10–0.20"
"United Kingdom","B.1.1.369",0.122151519363241,-1.97221176930577,"0.10–0.20"
"United Kingdom","B.1.1.37",0.0797711902477653,-2.44545993056659,"0.10–0.20"
"United Kingdom","B.1.1.372",0.0445244292586923,-3.06617118571617,"<0.10"
"United Kingdom","B.1.1.83",0.0229078030603969,-3.75310341746473,"<0.10"
"United Kingdom","B.1.13",0.0202288469064931,-3.88020937677328,"<0.10"
"United Kingdom","B.1.142",0.0398030857069629,-3.18319394287232,"<0.10"
"United Kingdom","B.1.222",0.0288082023884636,-3.51786382289958,"<0.10"
"United Kingdom","B.1.36",0.0731943270323521,-2.53862599516031,"0.10–0.20"
"United Kingdom","B.1.391",0.0290562541286752,-3.50903478384274,"<0.10"
"United Kingdom","B.1.93",0.0526217213308558,-2.89056947535949,"0.10–0.20"
"United Kingdom","B.23",0.019714617862243,-3.90648335149057,"<0.10"
"United Kingdom","B.28",0.0109554051643418,-4.50290646465558,"<0.10"
"United Kingdom","B.3",0.0626783900768765,-2.70500972462964,"0.10–0.20"
"United Kingdom","B.3.1",0.0405325398280836,-3.16427329749269,"<0.10"
"United Kingdom","B.39",0.0231922182053054,-3.7404730891645,"<0.10"
"United Kingdom","B.45",0.0118746324254887,-4.421405184157,"<0.10"
"United Kingdom","BA.1 (BA.1)",0.329521360761458,-0.71035066460988,">0.20"
"United Kingdom","BA.1.1 (BA.1.1)",0.424214061888796,-0.305497765621991,">0.20"
"United Kingdom","BA.1.15 (BA.1.15)",0.0442593463070859,-3.07242002836926,"<0.10"
"United Kingdom","BA.1.15.1 (BA.1.15.1)",0.0731884697296134,-2.5387123422235,"0.10–0.20"
"United Kingdom","BA.1.16 (BA.1.16)",0.025105810618794,-3.65922962329437,"<0.10"
"United Kingdom","BA.2 (BA.2)",0.793326210715183,1.34509284680848,">0.20"
"United Kingdom","BA.2.10 (BA.2.10)",0.0316220322279229,-3.4217683735915,"<0.10"
"United Kingdom","BA.2.18 (BA.2.18)",0.046975198387774,-3.0100211595388,"<0.10"
"United Kingdom","BA.2.23 (BA.2.23)",0.0673713102483904,-2.62778788376454,"0.10–0.20"
"United Kingdom","BA.2.3 (BA.2.3)",0.0678291579811053,-2.62052394355819,"0.10–0.20"
"United Kingdom","BA.2.9 (BA.2.9)",0.0802070817858118,-2.43953674326632,"0.10–0.20"
"United Kingdom","BA.4 (BA.4)",0.12359144685634,-1.95885102464224,"0.10–0.20"
"United Kingdom","BA.4.1 (BA.4.1)",0.0744108391282757,-2.5208288469946,"0.10–0.20"
"United Kingdom","BA.4.6 (BA.4.6)",0.0605798065959377,-2.74130125637332,"0.10–0.20"
"United Kingdom","BA.5 (BA.5)",0.0582037726875668,-2.78383875652784,"0.10–0.20"
"United Kingdom","BA.5.1 (BA.5.1)",0.288010818498411,-0.905064673115277,">0.20"
"United Kingdom","BA.5.2 (BA.5.2)",0.250779666182419,-1.09445838126423,">0.20"
"United Kingdom","BA.5.3.3 (BA.5.3.3)",0.0146468976293289,-4.20877150937638,"<0.10"
"United Kingdom","BC5 (BA.1.1.15)",0.020867282407003,-3.84848470046344,"<0.10"
"United Kingdom","BD (BA.1.17.2)",0.27678408971543,-0.960470065936619,">0.20"
"United Kingdom","BE.1",0.0553205997589406,-2.83770026256099,"0.10–0.20"
"United Kingdom","BE.1.1",0.0488553209700775,-2.96880288732349,"<0.10"
"United Kingdom","BF (BA.5.2.1)",0.147293789893139,-1.75598590560081,"0.10–0.20"
"United Kingdom","BF.1",0.0538161693690622,-2.86686290640135,"0.10–0.20"
"United Kingdom","BF.5",0.0278152249541384,-3.55396235317168,"<0.10"
"United Kingdom","BG (BA.2.12.1)",0.12491220522525,-1.94671308587441,"0.10–0.20"
"United Kingdom","BN.1",0.0621267325196693,-2.71443845891363,"0.10–0.20"
"United Kingdom","BQ.1",0.0912047415758159,-2.29901294385861,"0.10–0.20"
"United Kingdom","BQ.1.1",0.421981720466,-0.314643496997103,">0.20"
"United Kingdom","BQ.1.8",0.0563501427791267,-2.81817040910532,"0.10–0.20"
"United Kingdom","BZ (BA.5.2.3)",0.0461591810757863,-3.02840092000265,"<0.10"
"United Kingdom","C (B.1.1.1)",0.169640772939926,-1.58817530989477,"0.10–0.20"
"United Kingdom","CH.1.1",0.14901316981936,-1.74236196266634,"0.10–0.20"
"United Kingdom","CH.1.1.1",0.0872450141432368,-2.34774706801728,"0.10–0.20"
"United Kingdom","DH (BA.5.1.22)",0.019773081400233,-3.90346260698592,"<0.10"
"United Kingdom","DV.6",0.0418356296708357,-3.13127097887017,"<0.10"
"United Kingdom","EG.5.1",0.19066039898233,-1.44572477803598,"0.10–0.20"
"United Kingdom","EG.5.1.1",0.0967445235709752,-2.23393170664598,"0.10–0.20"
"United Kingdom","EM (XBB.1.5.7)",0.0671586005090428,-2.63117820273969,"0.10–0.20"
"United Kingdom","FL (XBB.1.9.1)",0.0633382239981677,-2.69383325076101,"0.10–0.20"
"United Kingdom","FL.3",0.0910153766299093,-2.3012997118525,"0.10–0.20"
"United Kingdom","HJ8 (XBB.1.5.18)",0.0458403181473055,-3.03566702606989,"<0.10"
"United Kingdom","JN.1",0.689163779781127,0.796212798895604,">0.20"
"United Kingdom","JN.1.4",0.209208321638821,-1.32970405838946,">0.20"
"United Kingdom","L (B.1.1.10)",0.0205159245083972,-3.86582458958432,"<0.10"
"United Kingdom","P9 (B.1.1.289)",0.0521724986534607,-2.89961701475579,"0.10–0.20"
"United Kingdom","Q (B.1.1.7)",0.984653722961621,4.16141712267129,">0.20"
"United Kingdom","QB.1.177.4 (B.1.177.4)",0.0547462843836488,-2.84874387233774,"0.10–0.20"
"United Kingdom","QB.1.177.57 (B.1.177.57)",0.0392234883700815,-3.19846606332079,"<0.10"
"United Kingdom","QB.1.177.7 (B.1.177.7)",0.0801220491403475,-2.44068991277255,"0.10–0.20"
"United Kingdom","XBB",0.0165261284509154,-4.08614839976812,"<0.10"
"United Kingdom","XBB.1",0.0320900402761154,-3.40659335591646,"<0.10"
"United Kingdom","XBB.1.16",0.350230202630877,-0.618027482185531,">0.20"
"United Kingdom","XBB.1.5",0.447990002724162,-0.208795240301907,">0.20"
"United States","A",0.147276651164189,-1.75612236883226,"0.10–0.20"
"United States","A.3",0.0231692869138468,-3.74148580315392,"<0.10"
"United States","AY (B.1.617.2)",0.049935239589802,-2.94580319340697,"<0.10"
"United States","AY.100",0.0730641199354109,-2.54054698297996,"0.10–0.20"
"United States","AY.103",0.25945797514047,-1.04878764011972,">0.20"
"United States","AY.118",0.0191899008347427,-3.93399471953633,"<0.10"
"United States","AY.119",0.0380857537931181,-3.22908500951787,"<0.10"
"United States","AY.122",0.0205984286366483,-3.86172695056949,"<0.10"
"United States","AY.20",0.0187107994134312,-3.95976635203484,"<0.10"
"United States","AY.25",0.105769436237132,-2.13470204798058,"0.10–0.20"
"United States","AY.25.1",0.0503517702813374,-2.93705785345901,"0.10–0.20"
"United States","AY.26",0.0428825413750709,-3.10546133805783,"<0.10"
"United States","AY.3",0.144640877306386,-1.77726744521916,"0.10–0.20"
"United States","AY.39",0.0530928365703528,-2.88115904146501,"0.10–0.20"
"United States","AY.44",0.178910109064688,-1.52374909731888,"0.10–0.20"
"United States","AY.47",0.0422573583041351,-3.12080060096077,"<0.10"
"United States","AY.75",0.0268100888780258,-3.59180097680025,"<0.10"
"United States","B",0.102821325025718,-2.16626226055198,"0.10–0.20"
"United States","B.1.1",0.189700166372708,-1.4519595901731,"0.10–0.20"
"United States","B.1.1.222",0.0262178511152106,-3.61474709314739,"<0.10"
"United States","B.1.1.291",0.0955768555879571,-2.24736663659166,"0.10–0.20"
"United States","B.1.1.519",0.0508088953145204,-2.92753870926508,"0.10–0.20"
"United States","B.1.2",0.515657491949164,0.062650452088366,">0.20"
"United States","B.1.206",0.0447094025728851,-3.06183175680727,"<0.10"
"United States","B.1.234",0.0509593608139079,-2.92442315257364,"0.10–0.20"
"United States","B.1.240",0.0763805146407375,-2.4925725547681,"0.10–0.20"
"United States","B.1.243",0.0583337391212986,-2.78147028239074,"0.10–0.20"
"United States","B.1.289",0.0197481232507291,-3.90475109418007,"<0.10"
"United States","B.1.311",0.0255432270231443,-3.64150796545652,"<0.10"
"United States","B.1.320",0.031432808102196,-3.42796566625915,"<0.10"
"United States","B.1.332",0.0104306026376324,-4.5525258497515,"<0.10"
"United States","B.1.369",0.0673304578284744,-2.62843824734936,"0.10–0.20"
"United States","B.1.371",0.0332119174514048,-3.37107055116398,"<0.10"
"United States","B.1.384",0.0163436256621057,-4.09743866942797,"<0.10"
"United States","B.1.426",0.0561923419036176,-2.82114191081416,"0.10–0.20"
"United States","B.1.427",0.0905261510730547,-2.30722747320583,"0.10–0.20"
"United States","B.1.429",0.186894263489165,-1.4703181372514,"0.10–0.20"
"United States","B.1.516",0.0281040978319652,-3.54333330616371,"<0.10"
"United States","B.1.526",0.118071148868336,-2.01082398583006,"0.10–0.20"
"United States","B.1.595",0.0536725628909545,-2.86968669937097,"0.10–0.20"
"United States","BA.1 (BA.1)",0.135177535745219,-1.85593524815759,"0.10–0.20"
"United States","BA.1.1 (BA.1.1)",0.691084656439496,0.805195058899104,">0.20"
"United States","BA.1.15 (BA.1.15)",0.198550244598251,-1.395380092378,"0.10–0.20"
"United States","BA.1.18 (BA.1.18)",0.0408298877703196,-3.15665408754653,"<0.10"
"United States","BA.1.20 (BA.1.20)",0.0481121533460636,-2.98491240620104,"<0.10"
"United States","BA.2 (BA.2)",0.551129092960811,0.205233735966226,">0.20"
"United States","BA.2.3 (BA.2.3)",0.111449898407775,-2.07601588668467,"0.10–0.20"
"United States","BA.2.9 (BA.2.9)",0.0747141124113783,-2.51643376195909,"0.10–0.20"
"United States","BA.4 (BA.4)",0.0454741548491557,-3.04407058068479,"<0.10"
"United States","BA.4.1 (BA.4.1)",0.0881013314955936,-2.33704122851992,"0.10–0.20"
"United States","BA.4.6 (BA.4.6)",0.104981658649445,-2.1430585558238,"0.10–0.20"
"United States","BA.5 (BA.5)",0.0262530781982783,-3.61336818914175,"<0.10"
"United States","BA.5.1 (BA.5.1)",0.139778777368224,-1.81712858060489,"0.10–0.20"
"United States","BA.5.1.1 (BA.5.1.1)",0.0310438614517779,-3.4408182561912,"<0.10"
"United States","BA.5.2 (BA.5.2)",0.18568750151705,-1.47827903570743,"0.10–0.20"
"United States","BA.5.2.9 (BA.5.2.9)",0.0264027286438056,-3.60753037650493,"<0.10"
"United States","BA.5.5 (BA.5.5)",0.111665219931208,-2.07384338929267,"0.10–0.20"
"United States","BA.5.6 (BA.5.6)",0.0671470870436528,-2.63136199666792,"0.10–0.20"
"United States","BC8 (BA.1.1.18)",0.0883011684335225,-2.33455636692626,"0.10–0.20"
"United States","BD (BA.1.17.2)",0.018616978421558,-3.96488884058361,"<0.10"
"United States","BE.1",0.0317490280078373,-3.41762921131553,"<0.10"
"United States","BF (BA.5.2.1)",0.227229827754789,-1.22401972280026,">0.20"
"United States","BF.10",0.0329382120274554,-3.37962894637121,"<0.10"
"United States","BF.7",0.0543359511772713,-2.85670128572985,"0.10–0.20"
"United States","BG (BA.2.12.1)",0.616030957559144,0.472735287354308,">0.20"
"United States","BN.1",0.0231378724177377,-3.7428747503294,"<0.10"
"United States","BQ.1",0.1654111550258,-1.61850497931815,"0.10–0.20"
"United States","BQ.1.1",0.419238803933527,-0.325898954740177,">0.20"
"United States","EG.5.1",0.162631134480464,-1.6387800152018,"0.10–0.20"
"United States","EG.5.1.1",0.0810461712978237,-2.42821687199319,"0.10–0.20"
"United States","FL.1.5.1",0.103717475972098,-2.15658505491045,"0.10–0.20"
"United States","HV.1",0.301434001472759,-0.84047856869686,">0.20"
"United States","JF (XBB.1.16.6)",0.0955514157217049,-2.24766097173156,"0.10–0.20"
"United States","JN.1",0.535413661733712,0.141892233097005,">0.20"
"United States","JN.1.4",0.314397066665318,-0.779641915200635,">0.20"
"United States","P.1",0.117970719008272,-2.01178880418391,"0.10–0.20"
"United States","Q (B.1.1.7)",0.645697346996637,0.600179391042152,">0.20"
"United States","XBB",0.0227699363200246,-3.75928102062463,"<0.10"
"United States","XBB.1.16",0.185287097556896,-1.48092928339443,"0.10–0.20"
"United States","XBB.1.5",0.816372322877931,1.49196031526017,">0.20"
